product_id,initial_price,discount,final_price,price_after_discount,original_rating_quantity,assumed_quantity,total_amount1,total_amount2,total_amount3,total_amount4
8376765,3995,58.0,3995,3937.0,15.0,30,59925.0,119850,59925.0,119850
9136281,2899,35.0,2899,2864.0,67.0,134,194233.0,388466,194233.0,388466
17633752,2999,65.0,2999,2934.0,226.0,452,677774.0,1355548,677774.0,1355548
1376949,1675,52.0,1675,1623.0,1052.0,2104,1762100.0,3524200,1762100.0,3524200
13939916,2899,17.0,2899,2882.0,12.0,24,34788.0,69576,34788.0,69576
17198778,1399,,1399,,42.0,84,58758.0,117516,58758.0,117516
19851824,1399,65.0,1399,1334.0,5.0,10,6995.0,13990,6995.0,13990
18602872,2999,54.0,2999,2945.0,10.0,20,29990.0,59980,29990.0,59980
18602850,2999,54.0,2999,2945.0,22.0,44,65978.0,131956,65978.0,131956
8961147,2199,53.0,2199,2146.0,7.0,14,15393.0,30786,15393.0,30786
8430275,2199,46.0,2199,2153.0,26.0,52,57174.0,114348,57174.0,114348
18346118,3329,74.0,865,791.0,0.0,0,0.0,0,0.0,0
18327434,1499,73.0,404,331.0,0.0,0,0.0,0,0.0,0
18492504,3499,65.0,3499,3434.0,10.0,20,34990.0,69980,34990.0,69980
13729978,1599,20.0,1599,1579.0,15.0,30,23985.0,47970,23985.0,47970
19788630,1199,42.0,1199,1157.0,6.0,12,7194.0,14388,7194.0,14388
20296382,2599,78.0,2599,2521.0,18.0,36,46782.0,93564,46782.0,93564
18346134,6329,76.0,6329,6253.0,12.0,24,75948.0,151896,75948.0,151896
22409156,1399,84.0,223,139.0,9.0,18,12591.0,25182,2007.0,4014
18985918,2999,40.0,1799,1759.0,11.0,22,32989.0,65978,19789.0,39578
22120138,999,30.0,699,669.0,5.0,10,4995.0,9990,3495.0,6990
1728397,9060,88.0,1087,999.0,1727.0,3454,15646620.0,31293240,1877249.0,3754498
21427828,9599,60.0,3839,3779.0,4.0,8,38396.0,76792,15356.0,30712
17372928,799,54.0,367,313.0,22.0,44,17578.0,35156,8074.0,16148
15115018,579,,579,,1582.0,3164,915978.0,1831956,915978.0,1831956
22063882,399,25.0,299,274.0,25.0,50,9975.0,19950,7475.0,14950
19219450,749,50.0,374,324.0,12.0,24,8988.0,17976,4488.0,8976
22196924,999,50.0,499,449.0,118.0,236,117882.0,235764,58882.0,117764
19219468,699,43.0,398,355.0,6.0,12,4194.0,8388,2388.0,4776
22278620,720,16.0,604,588.0,0.0,0,0.0,0,0.0,0
19277544,2999,60.0,2249,2189.0,24.0,48,71976.0,143952,53976.0,107952
18223842,449,20.0,449,429.0,37.0,74,16613.0,33226,16613.0,33226
18656766,345,,345,,5.0,10,1725.0,3450,1725.0,3450
18656764,345,,345,,6.0,12,2070.0,4140,2070.0,4140
13523458,2547,52.0,2547,2495.0,6.0,12,15282.0,30564,15282.0,30564
18652628,649,20.0,649,629.0,5.0,10,3245.0,6490,3245.0,6490
17774350,995,50.0,995,945.0,9.0,18,8955.0,17910,8955.0,17910
16704504,699,45.0,384,339.0,7.0,14,4893.0,9786,2688.0,5376
21873792,3397,76.0,815,739.0,5.0,10,16985.0,33970,4075.0,8150
21573578,1329,77.0,305,228.0,24.0,48,31896.0,63792,7320.0,14640
18100576,1499,70.0,1499,1429.0,13.0,26,19487.0,38974,19487.0,38974
18532334,459,20.0,298,278.0,0.0,0,0.0,0,0.0,0
16696094,649,,649,,192.0,384,124608.0,249216,124608.0,249216
21867416,299,28.0,215,187.0,14.0,28,4186.0,8372,3010.0,6020
21850852,390,5.0,370,365.0,14.0,28,5460.0,10920,5180.0,10360
21860658,899,40.0,539,499.0,0.0,0,0.0,0,0.0,0
21569986,1199,40.0,395,355.0,18.0,36,21582.0,43164,7110.0,14220
19206416,1899,80.0,379,299.0,14.0,28,26586.0,53172,5306.0,10612
22196594,499,,499,,6.0,12,2994.0,5988,2994.0,5988
22196914,799,50.0,399,349.0,5.0,10,3995.0,7990,1995.0,3990
21906602,599,25.0,449,424.0,23.0,46,13777.0,27554,10327.0,20654
13889998,249,,249,,202.0,404,50298.0,100596,50298.0,100596
22436508,888,65.0,310,245.0,4.0,8,3552.0,7104,1240.0,2480
21877640,299,23.0,230,207.0,14.0,28,4186.0,8372,3220.0,6440
18882294,265,,265,,10.0,20,2650.0,5300,2650.0,5300
21882284,1299,45.0,714,669.0,0.0,0,0.0,0,0.0,0
13669894,1699,70.0,1699,1629.0,13.0,26,22087.0,44174,22087.0,44174
16281444,699,68.0,223,155.0,7.0,14,4893.0,9786,1561.0,3122
20129438,12999,30.0,7799,7769.0,11.0,22,142989.0,285978,85789.0,171578
18506050,1199,55.0,539,484.0,86.0,172,103114.0,206228,46354.0,92708
21739362,2660,71.0,771,700.0,8.0,16,21280.0,42560,6168.0,12336
21903832,4299,25.0,3224,3199.0,16.0,32,68784.0,137568,51584.0,103168
21651940,1898,55.0,569,514.0,25.0,50,47450.0,94900,14225.0,28450
21321784,5995,72.0,1678,1606.0,6.0,12,35970.0,71940,10068.0,20136
21482828,2999,70.0,899,829.0,0.0,0,0.0,0,0.0,0
21907914,1999,60.0,799,739.0,225.0,450,449775.0,899550,179775.0,359550
21497770,4999,55.0,2249,2194.0,111.0,222,554889.0,1109778,249639.0,499278
21169272,3299,50.0,1649,1599.0,107.0,214,352993.0,705986,176443.0,352886
13643492,3599,55.0,3599,3544.0,58.0,116,208742.0,417484,208742.0,417484
13638220,999,1.0,999,998.0,6.0,12,5994.0,11988,5994.0,11988
13638232,1299,1.0,1299,1298.0,4.0,8,5196.0,10392,5196.0,10392
18489168,4999,,4999,,6.0,12,29994.0,59988,29994.0,59988
18997532,999,40.0,599,559.0,0.0,0,0.0,0,0.0,0
18091436,2198,50.0,659,609.0,51.0,102,112098.0,224196,33609.0,67218
17312062,6999,50.0,6999,6949.0,31.0,62,216969.0,433938,216969.0,433938
17314086,1499,40.0,899,859.0,79.0,158,118421.0,236842,71021.0,142042
17312144,10999,35.0,7149,7114.0,3.0,6,32997.0,65994,21447.0,42894
17350218,13999,68.0,4479,4411.0,0.0,0,0.0,0,0.0,0
17361518,4999,25.0,3749,3724.0,0.0,0,0.0,0,0.0,0
16284648,3099,55.0,1394,1339.0,41.0,82,127059.0,254118,57154.0,114308
19103830,6999,55.0,4199,4144.0,157.0,314,1098843.0,2197686,659243.0,1318486
21937664,2598,64.0,935,871.0,15.0,30,38970.0,77940,14025.0,28050
16712992,1999,70.0,719,649.0,454.0,908,907546.0,1815092,326426.0,652852
21836198,449,30.0,314,284.0,13.0,26,5837.0,11674,4082.0,8164
18193844,1980,75.0,1980,1905.0,25.0,50,49500.0,99000,49500.0,99000
16694464,5000,66.0,1700,1634.0,195.0,390,975000.0,1950000,331500.0,663000
18494054,799,40.0,399,359.0,48.0,96,38352.0,76704,19152.0,38304
18462808,1199,52.0,569,517.0,0.0,0,0.0,0,0.0,0
16185546,1750,,1750,,5.0,10,8750.0,17500,8750.0,17500
15174886,599,40.0,359,319.0,6.0,12,3594.0,7188,2154.0,4308
21664722,2999,,2999,,3.0,6,8997.0,17994,8997.0,17994
21426422,4399,45.0,2419,2374.0,10.0,20,43990.0,87980,24190.0,48380
21238004,3490,40.0,2094,2054.0,24.0,48,83760.0,167520,50256.0,100512
21426632,3599,30.0,2519,2489.0,35.0,70,125965.0,251930,88165.0,176330
21673378,1299,51.0,628,577.0,4.0,8,5196.0,10392,2512.0,5024
21664936,5900,30.0,4130,4100.0,0.0,0,0.0,0,0.0,0
21665324,1999,55.0,899,844.0,4.0,8,7996.0,15992,3596.0,7192
21664854,2200,30.0,1540,1510.0,6.0,12,13200.0,26400,9240.0,18480
21664974,4500,30.0,3150,3120.0,7.0,14,31500.0,63000,22050.0,44100
21664840,3500,30.0,2450,2420.0,6.0,12,21000.0,42000,14700.0,29400
21980370,1599,79.0,335,256.0,26.0,52,41574.0,83148,8710.0,17420
21616436,3999,37.0,2519,2482.0,0.0,0,0.0,0,0.0,0
21988674,2999,80.0,599,519.0,0.0,0,0.0,0,0.0,0
22004792,2495,50.0,1247,1197.0,26.0,52,64870.0,129740,32422.0,64844
21979790,2049,77.0,471,394.0,55.0,110,112695.0,225390,25905.0,51810
18962890,2499,64.0,899,835.0,34.0,68,84966.0,169932,30566.0,61132
19027298,1499,41.0,884,843.0,40.0,80,59960.0,119920,35360.0,70720
18962984,2499,68.0,799,731.0,236.0,472,589764.0,1179528,188564.0,377128
18951626,1899,78.0,398,320.0,60.0,120,113940.0,227880,23880.0,47760
18816460,7828,52.0,3757,3705.0,6.0,12,46968.0,93936,22542.0,45084
18944812,2399,,2399,,8.0,16,19192.0,38384,19192.0,38384
18977246,4299,59.0,1750,1691.0,140.0,280,601860.0,1203720,245000.0,490000
18803110,2299,74.0,597,523.0,6.0,12,13794.0,27588,3582.0,7164
18962990,2499,66.0,849,783.0,35.0,70,87465.0,174930,29715.0,59430
18951632,1899,80.0,379,299.0,69.0,138,131031.0,262062,26151.0,52302
18956684,1599,,1599,,5.0,10,7995.0,15990,7995.0,15990
18981160,2799,,2799,,43.0,86,120357.0,240714,120357.0,240714
18962952,2799,60.0,1119,1059.0,3797.0,7594,10627803.0,21255606,4248843.0,8497686
18207844,1999,,1999,,7.0,14,13993.0,27986,13993.0,27986
15736838,1999,66.0,679,613.0,1023.0,2046,2044977.0,4089954,694617.0,1389234
15788324,1399,53.0,475,422.0,347.0,694,485453.0,970906,164825.0,329650
15691054,2686,65.0,940,875.0,7.0,14,18802.0,37604,6580.0,13160
15691070,2820,65.0,987,922.0,474.0,948,1336680.0,2673360,467838.0,935676
13770986,2999,,2999,,38.0,76,113962.0,227924,113962.0,227924
17586858,1799,55.0,809,754.0,23.0,46,41377.0,82754,18607.0,37214
17692606,1899,53.0,892,839.0,12.0,24,22788.0,45576,10704.0,21408
17592092,2899,74.0,753,679.0,7.0,14,20293.0,40586,5271.0,10542
17661682,1549,61.0,340,279.0,13.0,26,20137.0,40274,4420.0,8840
17692718,1599,69.0,495,426.0,8.0,16,12792.0,25584,3960.0,7920
17194598,1749,65.0,437,372.0,48.0,96,83952.0,167904,20976.0,41952
17194592,1749,65.0,367,302.0,240.0,480,419760.0,839520,88080.0,176160
18207478,699,60.0,279,219.0,333.0,666,232767.0,465534,92907.0,185814
19032542,1499,50.0,749,699.0,8.0,16,11992.0,23984,5992.0,11984
18996672,2017,70.0,605,535.0,8.0,16,16136.0,32272,4840.0,9680
19213302,5099,45.0,2804,2759.0,0.0,0,0.0,0,0.0,0
15191784,3690,60.0,1476,1416.0,35.0,70,129150.0,258300,51660.0,103320
19213200,5200,40.0,3120,3080.0,5.0,10,26000.0,52000,15600.0,31200
19213186,6900,30.0,4830,4800.0,7.0,14,48300.0,96600,33810.0,67620
15104856,1999,70.0,599,529.0,0.0,0,0.0,0,0.0,0
20040576,2899,68.0,927,859.0,23.0,46,66677.0,133354,21321.0,42642
19987092,2999,78.0,659,581.0,17.0,34,50983.0,101966,11203.0,22406
10054817,1890,60.0,756,696.0,110.0,220,207900.0,415800,83160.0,166320
10054855,1890,60.0,756,696.0,389.0,778,735210.0,1470420,294084.0,588168
10691426,2199,65.0,769,704.0,4441.0,8882,9765759.0,19531518,3415129.0,6830258
20040566,2899,70.0,869,799.0,8.0,16,23192.0,46384,6952.0,13904
18963006,2499,68.0,799,731.0,45.0,90,112455.0,224910,35955.0,71910
19513066,2559,54.0,2559,2505.0,11.0,22,28149.0,56298,28149.0,56298
13703862,1749,71.0,507,436.0,46.0,92,80454.0,160908,23322.0,46644
18975316,3200,74.0,640,566.0,31.0,62,99200.0,198400,19840.0,39680
21664826,2800,30.0,1960,1930.0,6.0,12,16800.0,33600,11760.0,23520
21242962,5999,40.0,5699,5659.0,9.0,18,53991.0,107982,51291.0,102582
21653646,3299,60.0,1319,1259.0,5.0,10,16495.0,32990,6595.0,13190
21661136,2299,70.0,689,619.0,0.0,0,0.0,0,0.0,0
20022902,3599,59.0,1475,1416.0,10.0,20,35990.0,71980,14750.0,29500
20052002,1599,56.0,703,647.0,0.0,0,0.0,0,0.0,0
20046216,999,67.0,329,262.0,7.0,14,6993.0,13986,2303.0,4606
22616192,1340,63.0,495,432.0,7.0,14,9380.0,18760,3465.0,6930
13391600,1499,65.0,524,459.0,200.0,400,299800.0,599600,104800.0,209600
22590642,1499,52.0,719,667.0,12.0,24,17988.0,35976,8628.0,17256
13572604,1799,63.0,1799,1736.0,58.0,116,104342.0,208684,104342.0,208684
13649832,1999,,1999,,56.0,112,111944.0,223888,111944.0,223888
13487998,2499,74.0,2499,2425.0,10.0,20,24990.0,49980,24990.0,49980
13467444,899,30.0,899,869.0,14.0,28,12586.0,25172,12586.0,25172
13387584,1999,65.0,699,634.0,11.0,22,21989.0,43978,7689.0,15378
22634940,3399,56.0,1495,1439.0,5.0,10,16995.0,33990,7475.0,14950
22622806,2999,67.0,989,922.0,22.0,44,65978.0,131956,21758.0,43516
13558254,1349,59.0,1349,1290.0,934.0,1868,1259966.0,2519932,1259966.0,2519932
13586840,1899,55.0,1899,1844.0,29.0,58,55071.0,110142,55071.0,110142
13586818,1899,54.0,1899,1845.0,208.0,416,394992.0,789984,394992.0,789984
13406942,1799,75.0,449,374.0,8.0,16,14392.0,28784,3592.0,7184
1341220,1149,10.0,689,679.0,22.0,44,25278.0,50556,15158.0,30316
13387582,2123,65.0,743,678.0,18.0,36,38214.0,76428,13374.0,26748
22638540,1340,63.0,495,432.0,4.0,8,5360.0,10720,1980.0,3960
13391540,1999,66.0,679,613.0,576.0,1152,1151424.0,2302848,391104.0,782208
13447736,2799,60.0,1119,1059.0,8.0,16,22392.0,44784,8952.0,17904
13435624,2199,69.0,681,612.0,28.0,56,61572.0,123144,19068.0,38136
13382036,1899,83.0,322,239.0,623.0,1246,1183077.0,2366154,200606.0,401212
22610596,2799,50.0,1399,1349.0,0.0,0,0.0,0,0.0,0
13449506,2399,70.0,719,649.0,7.0,14,16793.0,33586,5033.0,10066
13411990,2990,65.0,1046,981.0,6.0,12,17940.0,35880,6276.0,12552
22590644,1399,54.0,643,589.0,17.0,34,23783.0,47566,10931.0,21862
13375140,3499,65.0,1224,1159.0,17.0,34,59483.0,118966,20808.0,41616
13398280,3299,70.0,989,919.0,45.0,90,148455.0,296910,44505.0,89010
12933978,1899,64.0,669,605.0,0.0,0,0.0,0,0.0,0
13379612,1399,,1399,,3.0,6,4197.0,8394,4197.0,8394
22630128,1999,70.0,599,529.0,5.0,10,9995.0,19990,2995.0,5990
22610562,2299,50.0,1149,1099.0,0.0,0,0.0,0,0.0,0
22596522,3799,65.0,1329,1264.0,12.0,24,45588.0,91176,15948.0,31896
22619942,2799,51.0,1371,1320.0,11.0,22,30789.0,61578,15081.0,30162
13400194,1299,73.0,350,277.0,0.0,0,0.0,0,0.0,0
21683822,2099,64.0,755,691.0,0.0,0,0.0,0,0.0,0
12356000,3499,55.0,3499,3444.0,8.0,16,27992.0,55984,27992.0,55984
12944214,2599,45.0,1429,1384.0,11.0,22,28589.0,57178,15719.0,31438
20065316,2199,38.0,1363,1325.0,0.0,0,0.0,0,0.0,0
19761848,1299,37.0,818,781.0,0.0,0,0.0,0,0.0,0
17739270,999,50.0,499,449.0,0.0,0,0.0,0,0.0,0
21656682,999,51.0,499,448.0,33.0,66,32967.0,65934,16467.0,32934
22601102,999,60.0,399,339.0,0.0,0,0.0,0,0.0,0
22601210,999,60.0,399,339.0,13.0,26,12987.0,25974,5187.0,10374
22601148,999,60.0,399,339.0,3.0,6,2997.0,5994,1197.0,2394
22601132,999,60.0,399,339.0,9.0,18,8991.0,17982,3591.0,7182
20195790,999,48.0,999,951.0,10.0,20,9990.0,19980,9990.0,19980
12999996,599,62.0,227,165.0,17.0,34,10183.0,20366,3859.0,7718
22585502,999,60.0,399,339.0,0.0,0,0.0,0,0.0,0
15720652,1480,76.0,355,279.0,21.0,42,31080.0,62160,7455.0,14910
15713414,1998,68.0,639,571.0,22.0,44,43956.0,87912,14058.0,28116
15750524,7999,74.0,2079,2005.0,97.0,194,775903.0,1551806,201663.0,403326
15014966,3949,76.0,947,871.0,13.0,26,51337.0,102674,12311.0,24622
10125243,1282,62.0,487,425.0,213.0,426,273066.0,546132,103731.0,207462
10564232,1130,69.0,350,281.0,727.0,1454,821510.0,1643020,254450.0,508900
10145409,1199,65.0,419,354.0,0.0,0,0.0,0,0.0,0
10135431,1000,50.0,500,450.0,347.0,694,347000.0,694000,173500.0,347000
10125225,1568,73.0,423,350.0,872.0,1744,1367296.0,2734592,368856.0,737712
10125241,1711,82.0,307,225.0,22.0,44,37642.0,75284,6754.0,13508
19925208,774,44.0,433,389.0,14.0,28,10836.0,21672,6062.0,12124
20064092,1995,80.0,399,319.0,6.0,12,11970.0,23940,2394.0,4788
17354670,1995,69.0,1995,1926.0,5.0,10,9975.0,19950,9975.0,19950
20041906,1730,65.0,605,540.0,9.0,18,15570.0,31140,5445.0,10890
19821318,1149,63.0,425,362.0,0.0,0,0.0,0,0.0,0
22600236,5099,60.0,2039,1979.0,0.0,0,0.0,0,0.0,0
22601952,1455,76.0,349,273.0,15.0,30,21825.0,43650,5235.0,10470
22618882,3795,77.0,872,795.0,99.0,198,375705.0,751410,86328.0,172656
22593810,2999,78.0,659,581.0,0.0,0,0.0,0,0.0,0
14467848,2799,50.0,1399,1349.0,17.0,34,47583.0,95166,23783.0,47566
14399558,2488,72.0,696,624.0,21.0,42,52248.0,104496,14616.0,29232
19072820,249,,249,,5.0,10,1245.0,2490,1245.0,2490
13402874,1575,78.0,346,268.0,6.0,12,9450.0,18900,2076.0,4152
13401002,3189,81.0,599,518.0,0.0,0,0.0,0,0.0,0
13340876,4524,88.0,542,454.0,7.0,14,31668.0,63336,3794.0,7588
12930940,1650,81.0,313,232.0,14.0,28,23100.0,46200,4382.0,8764
12930744,1075,55.0,483,428.0,16.0,32,17200.0,34400,7728.0,15456
12928940,1600,70.0,480,410.0,0.0,0,0.0,0,0.0,0
12928904,1600,70.0,480,410.0,6.0,12,9600.0,19200,2880.0,5760
22600220,6599,57.0,2837,2780.0,0.0,0,0.0,0,0.0,0
22593700,3999,75.0,999,924.0,0.0,0,0.0,0,0.0,0
13445210,580,23.0,446,423.0,0.0,0,0.0,0,0.0,0
22593680,2999,87.0,389,302.0,0.0,0,0.0,0,0.0,0
22593696,2799,70.0,839,769.0,0.0,0,0.0,0,0.0,0
21604464,6299,58.0,2645,2587.0,7.0,14,44093.0,88186,18515.0,37030
21990058,3299,55.0,1484,1429.0,2.0,4,6598.0,13196,2968.0,5936
21992820,7999,71.0,2319,2248.0,14.0,28,111986.0,223972,32466.0,64932
15741084,1799,65.0,629,564.0,6.0,12,10794.0,21588,3774.0,7548
15741088,1799,67.0,593,526.0,88.0,176,158312.0,316624,52184.0,104368
15788632,2499,44.0,1380,1336.0,14.0,28,34986.0,69972,19320.0,38640
15749780,3999,60.0,1599,1539.0,23.0,46,91977.0,183954,36777.0,73554
16197802,3049,60.0,853,793.0,609.0,1218,1856841.0,3713682,519477.0,1038954
19197596,2799,49.0,1420,1371.0,10.0,20,27990.0,55980,14200.0,28400
18922226,4300,63.0,1591,1528.0,8.0,16,34400.0,68800,12728.0,25456
22411344,4149,75.0,1037,962.0,11.0,22,45639.0,91278,11407.0,22814
19990734,2499,61.0,974,913.0,9.0,18,22491.0,44982,8766.0,17532
10127829,2499,60.0,999,939.0,6.0,12,14994.0,29988,5994.0,11988
10132319,4999,53.0,2349,2296.0,12.0,24,59988.0,119976,28188.0,56376
13404948,3899,76.0,935,859.0,67.0,134,261233.0,522466,62645.0,125290
12994772,1999,47.0,1059,1012.0,10.0,20,19990.0,39980,10590.0,21180
13355452,1299,35.0,1299,1264.0,33.0,66,42867.0,85734,42867.0,85734
13405888,1969,62.0,787,725.0,7.0,14,13783.0,27566,5509.0,11018
22603284,2899,71.0,840,769.0,10.0,20,28990.0,57980,8400.0,16800
22583702,2999,78.0,659,581.0,9.0,18,26991.0,53982,5931.0,11862
15787112,319,12.0,280,268.0,903.0,1806,288057.0,576114,252840.0,505680
10075857,845,20.0,676,656.0,9.0,18,7605.0,15210,6084.0,12168
12926546,449,5.0,426,421.0,9.0,18,4041.0,8082,3834.0,7668
18299664,1199,20.0,959,939.0,75.0,150,89925.0,179850,71925.0,143850
19974396,999,55.0,449,394.0,46.0,92,45954.0,91908,20654.0,41308
16704788,4990,,4990,,12.0,24,59880.0,119760,59880.0,119760
21888172,1499,60.0,599,539.0,10.0,20,14990.0,29980,5990.0,11980
21735080,6990,,6990,,11.0,22,76890.0,153780,76890.0,153780
21735014,9490,,9490,,5.0,10,47450.0,94900,47450.0,94900
21928414,3499,,3499,,11.0,22,38489.0,76978,38489.0,76978
21866528,999,40.0,599,559.0,0.0,0,0.0,0,0.0,0
18638536,1499,50.0,1499,1449.0,20.0,40,29980.0,59960,29980.0,59960
13596626,2299,,2299,,44.0,88,101156.0,202312,101156.0,202312
13533588,899,45.0,899,854.0,30.0,60,26970.0,53940,26970.0,53940
22413952,1599,51.0,783,732.0,0.0,0,0.0,0,0.0,0
21205620,2599,30.0,1559,1529.0,8.0,16,20792.0,41584,12472.0,24944
21497394,999,50.0,499,449.0,52.0,104,51948.0,103896,25948.0,51896
18489598,449,20.0,359,339.0,9.0,18,4041.0,8082,3231.0,6462
18521180,1999,50.0,999,949.0,75.0,150,149925.0,299850,74925.0,149850
18504724,999,55.0,449,394.0,48.0,96,47952.0,95904,21552.0,43104
20124616,399,35.0,259,224.0,20.0,40,7980.0,15960,5180.0,10360
19790160,499,60.0,199,139.0,15.0,30,7485.0,14970,2985.0,5970
18598106,499,40.0,499,459.0,45.0,90,22455.0,44910,22455.0,44910
13579258,798,30.0,798,768.0,83.0,166,66234.0,132468,66234.0,132468
16168398,599,25.0,449,424.0,38.0,76,22762.0,45524,17062.0,34124
15134218,599,45.0,329,284.0,66.0,132,39534.0,79068,21714.0,43428
19256318,1390,30.0,973,943.0,0.0,0,0.0,0,0.0,0
13639590,1499,50.0,749,699.0,4.0,8,5996.0,11992,2996.0,5992
21431930,1499,63.0,554,491.0,24.0,48,35976.0,71952,13296.0,26592
21597086,799,45.0,439,394.0,12.0,24,9588.0,19176,5268.0,10536
13374246,1999,50.0,999,949.0,0.0,0,0.0,0,0.0,0
13374206,1199,45.0,659,614.0,7.0,14,8393.0,16786,4613.0,9226
13374286,1999,27.0,1459,1432.0,7.0,14,13993.0,27986,10213.0,20426
13374306,1999,50.0,999,949.0,0.0,0,0.0,0,0.0,0
13374334,1999,27.0,1459,1432.0,5.0,10,9995.0,19990,7295.0,14590
1848495,10199,60.0,4079,4019.0,25.0,50,254975.0,509950,101975.0,203950
21850100,999,1.0,989,988.0,0.0,0,0.0,0,0.0,0
19778366,4299,34.0,2837,2803.0,0.0,0,0.0,0,0.0,0
21869550,7995,63.0,2958,2895.0,0.0,0,0.0,0,0.0,0
21931392,9999,40.0,5999,5959.0,7.0,14,69993.0,139986,41993.0,83986
21524384,1399,1.0,1385,1384.0,0.0,0,0.0,0,0.0,0
17755896,6899,70.0,6899,6829.0,265.0,530,1828235.0,3656470,1828235.0,3656470
21679542,4595,74.0,1194,1120.0,0.0,0,0.0,0,0.0,0
21656954,3999,72.0,1119,1047.0,6.0,12,23994.0,47988,6714.0,13428
22609796,2999,70.0,899,829.0,29.0,58,86971.0,173942,26071.0,52142
13376884,6990,55.0,3145,3090.0,0.0,0,0.0,0,0.0,0
13411744,3998,48.0,2078,2030.0,23.0,46,91954.0,183908,47794.0,95588
21602846,899,,899,,12.0,24,10788.0,21576,10788.0,21576
14950128,699,50.0,349,299.0,62.0,124,43338.0,86676,21638.0,43276
21996616,1199,60.0,479,419.0,2.0,4,2398.0,4796,958.0,1916
22579802,1000,56.0,440,384.0,8.0,16,8000.0,16000,3520.0,7040
16721772,399,16.0,335,319.0,14.0,28,5586.0,11172,4690.0,9380
18584192,499,56.0,219,163.0,13.0,26,6487.0,12974,2847.0,5694
18584190,499,56.0,219,163.0,11.0,22,5489.0,10978,2409.0,4818
21421856,1990,50.0,796,746.0,5.0,10,9950.0,19900,3980.0,7960
21421918,1890,46.0,1039,993.0,18.0,36,34020.0,68040,18702.0,37404
16696848,4995,61.0,1648,1587.0,38.0,76,189810.0,379620,62624.0,125248
21232798,2499,64.0,899,835.0,0.0,0,0.0,0,0.0,0
18200086,3699,75.0,924,849.0,59.0,118,218241.0,436482,54516.0,109032
7743536,4495,66.0,4495,4429.0,6.0,12,26970.0,53940,26970.0,53940
7743355,3495,60.0,3495,3435.0,14.0,28,48930.0,97860,48930.0,97860
8293015,1699,4.0,1699,1695.0,84.0,168,142716.0,285432,142716.0,285432
17637810,3099,63.0,3099,3036.0,5.0,10,15495.0,30990,15495.0,30990
17761230,3999,70.0,3999,3929.0,10.0,20,39990.0,79980,39990.0,79980
15188034,1290,,1290,,10.0,20,12900.0,25800,12900.0,25800
21762808,1690,50.0,845,795.0,10.0,20,16900.0,33800,8450.0,16900
21421996,1990,50.0,995,945.0,40.0,80,79600.0,159200,39800.0,79600
21621752,3299,59.0,1349,1290.0,111.0,222,366189.0,732378,149739.0,299478
13359482,2999,44.0,1679,1635.0,7.0,14,20993.0,41986,11753.0,23506
13389422,2999,62.0,1139,1077.0,123.0,246,368877.0,737754,140097.0,280194
13389410,2999,62.0,1139,1077.0,30.0,60,89970.0,179940,34170.0,68340
22603262,3999,25.0,2999,2974.0,6.0,12,23994.0,47988,17994.0,35988
17743820,3499,,3499,,97.0,194,339403.0,678806,339403.0,678806
19219056,5999,33.0,3999,3966.0,11.0,22,65989.0,131978,43989.0,87978
16193242,9999,,9999,,17.0,34,169983.0,339966,169983.0,339966
13474452,2299,50.0,2299,2249.0,14.0,28,32186.0,64372,32186.0,64372
17647418,3199,55.0,3199,3144.0,2.0,4,6398.0,12796,6398.0,12796
18596612,999,62.0,379,317.0,0.0,0,0.0,0,0.0,0
13475738,1599,,1599,,39.0,78,62361.0,124722,62361.0,124722
22217088,1599,54.0,735,681.0,34.0,68,54366.0,108732,24990.0,49980
22200396,3999,63.0,1479,1416.0,5.0,10,19995.0,39990,7395.0,14790
19217010,2690,,2690,,14.0,28,37660.0,75320,37660.0,75320
22200418,3999,65.0,1399,1334.0,8.0,16,31992.0,63984,11192.0,22384
15120922,2699,60.0,1079,1019.0,25.0,50,67475.0,134950,26975.0,53950
16276014,700,15.0,595,580.0,6.0,12,4200.0,8400,3570.0,7140
16299490,978,,978,,10.0,20,9780.0,19560,9780.0,19560
22429820,1299,61.0,532,471.0,12.0,24,15588.0,31176,6384.0,12768
19014822,3499,45.0,2624,2579.0,7.0,14,24493.0,48986,18368.0,36736
19015560,2499,43.0,1424,1381.0,40.0,80,99960.0,199920,56960.0,113920
19020502,6299,53.0,2960,2907.0,338.0,676,2129062.0,4258124,1000480.0,2000960
19014828,2999,25.0,2249,2224.0,15.0,30,44985.0,89970,33735.0,67470
18976038,2599,58.0,1090,1032.0,345.0,690,896655.0,1793310,376050.0,752100
19015652,2799,46.0,1511,1465.0,19.0,38,53181.0,106362,28709.0,57418
19020536,6999,50.0,3499,3449.0,91.0,182,636909.0,1273818,318409.0,636818
19020616,6299,30.0,3149,3119.0,47.0,94,296053.0,592106,148003.0,296006
19020478,4599,40.0,2759,2719.0,150.0,300,689850.0,1379700,413850.0,827700
19002890,3850,59.0,1578,1519.0,0.0,0,0.0,0,0.0,0
19020722,5999,50.0,2999,2949.0,64.0,128,383936.0,767872,191936.0,383872
19837040,3749,85.0,3749,3664.0,41.0,82,153709.0,307418,153709.0,307418
19837008,4549,85.0,4549,4464.0,32.0,64,145568.0,291136,145568.0,291136
19020654,6999,40.0,3499,3459.0,54.0,108,377946.0,755892,188946.0,377892
14991614,1699,50.0,509,459.0,363.0,726,616737.0,1233474,184767.0,369534
16182066,1799,48.0,935,887.0,71.0,142,127729.0,255458,66385.0,132770
16175148,4999,50.0,2499,2449.0,0.0,0,0.0,0,0.0,0
19231126,4499,68.0,1439,1371.0,31.0,62,139469.0,278938,44609.0,89218
14979464,2199,55.0,989,934.0,0.0,0,0.0,0,0.0,0
19987190,2499,26.0,1849,1823.0,33.0,66,82467.0,164934,61017.0,122034
19020564,5299,50.0,2649,2599.0,112.0,224,593488.0,1186976,296688.0,593376
19015534,2499,36.0,1599,1563.0,33.0,66,82467.0,164934,52767.0,105534
19020450,6499,40.0,3249,3209.0,96.0,192,623904.0,1247808,311904.0,623808
19020572,5499,40.0,2749,2709.0,95.0,190,522405.0,1044810,261155.0,522310
14281506,3299,,3299,,127.0,254,418973.0,837946,418973.0,837946
11973216,2699,55.0,2699,2644.0,378.0,756,1020222.0,2040444,1020222.0,2040444
19020676,5699,45.0,3134,3089.0,85.0,170,484415.0,968830,266390.0,532780
19020358,5799,50.0,2899,2849.0,125.0,250,724875.0,1449750,362375.0,724750
19020568,6999,40.0,4199,4159.0,199.0,398,1392801.0,2785602,835601.0,1671202
18973692,4099,57.0,4099,4042.0,426.0,852,1746174.0,3492348,1746174.0,3492348
18973742,4399,48.0,2287,2239.0,182.0,364,800618.0,1601236,416234.0,832468
19008522,7999,20.0,4799,4779.0,14.0,28,111986.0,223972,67186.0,134372
18974084,4399,57.0,1891,1834.0,135.0,270,593865.0,1187730,255285.0,510570
18873126,1749,64.0,629,565.0,20.0,40,34980.0,69960,12580.0,25160
18826658,1899,55.0,854,799.0,15.0,30,28485.0,56970,12810.0,25620
18960426,3799,55.0,1709,1654.0,42.0,84,159558.0,319116,71778.0,143556
18802522,2799,50.0,1399,1349.0,20.0,40,55980.0,111960,27980.0,55960
18973648,4099,,4099,,290.0,580,1188710.0,2377420,1188710.0,2377420
18973888,4099,,4099,,333.0,666,1364967.0,2729934,1364967.0,2729934
18973730,4399,49.0,4399,4350.0,193.0,386,849007.0,1698014,849007.0,1698014
18973948,4999,30.0,3499,3469.0,30.0,60,149970.0,299940,104970.0,209940
19008496,7999,40.0,4799,4759.0,8.0,16,63992.0,127984,38392.0,76784
18873142,1849,62.0,699,637.0,0.0,0,0.0,0,0.0,0
18992754,4499,60.0,1799,1739.0,5.0,10,22495.0,44990,8995.0,17990
18973922,4099,,4099,,237.0,474,971463.0,1942926,971463.0,1942926
18979610,1399,52.0,671,619.0,7.0,14,9793.0,19586,4697.0,9394
18675392,3499,50.0,1749,1699.0,81.0,162,283419.0,566838,141669.0,283338
18973950,4999,51.0,2449,2398.0,156.0,312,779844.0,1559688,382044.0,764088
18198558,1799,70.0,1799,1729.0,6.0,12,10794.0,21588,10794.0,21588
18094702,2499,60.0,2499,2439.0,35.0,70,87465.0,174930,87465.0,174930
19842706,2299,75.0,2299,2224.0,9.0,18,20691.0,41382,20691.0,41382
13768634,4999,,4999,,16.0,32,79984.0,159968,79984.0,159968
18973700,4699,,4699,,116.0,232,545084.0,1090168,545084.0,1090168
18973728,4399,47.0,4399,4352.0,260.0,520,1143740.0,2287480,1143740.0,2287480
18903330,3299,20.0,1649,1629.0,235.0,470,775265.0,1550530,387515.0,775030
18973740,4099,57.0,4099,4042.0,340.0,680,1393660.0,2787320,1393660.0,2787320
18953840,1899,68.0,607,539.0,24.0,48,45576.0,91152,14568.0,29136
18969982,1799,35.0,1169,1134.0,6.0,12,10794.0,21588,7014.0,14028
18953870,1749,62.0,682,620.0,85.0,170,148665.0,297330,57970.0,115940
19017664,3299,40.0,1979,1939.0,8.0,16,26392.0,52784,15832.0,31664
18925586,1749,62.0,649,587.0,15.0,30,26235.0,52470,9735.0,19470
18734066,2699,61.0,1052,991.0,26.0,52,70174.0,140348,27352.0,54704
18993370,3295,40.0,1647,1607.0,29.0,58,95555.0,191110,47763.0,95526
15190770,3999,60.0,1599,1539.0,6.0,12,23994.0,47988,9594.0,19188
22203852,3999,66.0,1359,1293.0,0.0,0,0.0,0,0.0,0
22005330,2999,,2999,,5.0,10,14995.0,29990,14995.0,29990
22203876,3999,66.0,1359,1293.0,0.0,0,0.0,0,0.0,0
15067844,2399,50.0,1199,1149.0,69.0,138,165531.0,331062,82731.0,165462
19059688,2999,55.0,1499,1444.0,72.0,144,215928.0,431856,107928.0,215856
18960434,3999,55.0,1999,1944.0,34.0,68,135966.0,271932,67966.0,135932
18925582,1999,62.0,739,677.0,11.0,22,21989.0,43978,8129.0,16258
18973952,3499,48.0,3499,3451.0,329.0,658,1151171.0,2302342,1151171.0,2302342
18973778,4399,51.0,2155,2104.0,61.0,122,268339.0,536678,131455.0,262910
18689340,2349,42.0,1362,1320.0,36.0,72,84564.0,169128,49032.0,98064
18708638,3199,73.0,863,790.0,13.0,26,41587.0,83174,11219.0,22438
18734000,2699,61.0,1052,991.0,72.0,144,194328.0,388656,75744.0,151488
18973790,5599,50.0,2799,2749.0,54.0,108,302346.0,604692,151146.0,302292
21184968,2399,68.0,767,699.0,111.0,222,266289.0,532578,85137.0,170274
18734380,2599,50.0,2599,2549.0,12.0,24,31188.0,62376,31188.0,62376
18736356,2699,25.0,2024,1999.0,40.0,80,107960.0,215920,80960.0,161920
18903148,3899,20.0,2027,2007.0,150.0,300,584850.0,1169700,304050.0,608100
18734006,2499,50.0,1249,1199.0,42.0,84,104958.0,209916,52458.0,104916
18928362,4499,60.0,1799,1739.0,9.0,18,40491.0,80982,16191.0,32382
18964420,4299,62.0,1633,1571.0,2.0,4,8598.0,17196,3266.0,6532
18734132,2499,61.0,974,913.0,62.0,124,154938.0,309876,60388.0,120776
18973914,3799,60.0,2089,2029.0,243.0,486,923157.0,1846314,507627.0,1015254
15049188,2099,60.0,692,632.0,50.0,100,104950.0,209900,34600.0,69200
19841310,1500,60.0,1500,1440.0,4.0,8,6000.0,12000,6000.0,12000
17760672,1345,70.0,1345,1275.0,11.0,22,14795.0,29590,14795.0,29590
17656880,1499,43.0,1499,1456.0,43.0,86,64457.0,128914,64457.0,128914
22214714,1227,43.0,699,656.0,10.0,20,12270.0,24540,6990.0,13980
16186258,1799,79.0,377,298.0,87.0,174,156513.0,313026,32799.0,65598
22110424,1199,55.0,539,484.0,2.0,4,2398.0,4796,1078.0,2156
18637234,2499,,2499,,85.0,170,212415.0,424830,212415.0,424830
17627254,1599,70.0,1599,1529.0,131.0,262,209469.0,418938,209469.0,418938
13562488,1599,57.0,1599,1542.0,95.0,190,151905.0,303810,151905.0,303810
17644540,2499,64.0,899,835.0,364.0,728,909636.0,1819272,327236.0,654472
13506804,5199,54.0,5199,5145.0,169.0,338,878631.0,1757262,878631.0,1757262
18637284,3999,,3999,,34.0,68,135966.0,271932,135966.0,271932
19574714,5995,50.0,5995,5945.0,17.0,34,101915.0,203830,101915.0,203830
19580226,2499,55.0,2499,2444.0,7.0,14,17493.0,34986,17493.0,34986
19513786,400,15.0,400,385.0,11.0,22,4400.0,8800,4400.0,8800
12509548,3899,86.0,545,459.0,0.0,0,0.0,0,0.0,0
12524816,1199,,1199,,937.0,1874,1123463.0,2246926,1123463.0,2246926
12531668,2900,55.0,2900,2845.0,10.0,20,29000.0,58000,29000.0,58000
12418812,1599,50.0,1599,1549.0,22.0,44,35178.0,70356,35178.0,70356
19688180,1499,47.0,1499,1452.0,11.0,22,16489.0,32978,16489.0,32978
19027440,3499,75.0,874,799.0,0.0,0,0.0,0,0.0,0
19027402,3499,75.0,874,799.0,6.0,12,20994.0,41988,5244.0,10488
18925432,5399,74.0,1403,1329.0,14.0,28,75586.0,151172,19642.0,39284
19027344,3499,80.0,699,619.0,0.0,0,0.0,0,0.0,0
18997222,3999,67.0,1319,1252.0,3.0,6,11997.0,23994,3957.0,7914
19027362,2499,55.0,1124,1069.0,61.0,122,152439.0,304878,68564.0,137128
18946592,2999,72.0,839,767.0,9.0,18,26991.0,53982,7551.0,15102
19027352,2199,66.0,747,681.0,104.0,208,228696.0,457392,77688.0,155376
17754514,6799,75.0,1699,1624.0,91.0,182,618709.0,1237418,154609.0,309218
13781254,2199,,2199,,295.0,590,648705.0,1297410,648705.0,1297410
13771276,3999,70.0,3999,3929.0,35.0,70,139965.0,279930,139965.0,279930
17754686,2999,67.0,2999,2932.0,25.0,50,74975.0,149950,74975.0,149950
19027424,2199,66.0,747,681.0,151.0,302,332049.0,664098,112797.0,225594
19027432,2999,63.0,1109,1046.0,35.0,70,104965.0,209930,38815.0,77630
15189724,1799,59.0,737,678.0,62.0,124,111538.0,223076,45694.0,91388
16193712,4099,59.0,1680,1621.0,0.0,0,0.0,0,0.0,0
18971008,3719,37.0,2342,2305.0,0.0,0,0.0,0,0.0,0
19027420,3499,75.0,874,799.0,10.0,20,34990.0,69980,8740.0,17480
18989660,2599,62.0,987,925.0,0.0,0,0.0,0,0.0,0
14325388,2899,,2899,,99.0,198,287001.0,574002,287001.0,574002
17090208,3399,,3399,,100.0,200,339900.0,679800,339900.0,679800
13446422,4995,50.0,2997,2947.0,749.0,1498,3741255.0,7482510,2244753.0,4489506
22198236,2299,75.0,689,614.0,6.0,12,13794.0,27588,4134.0,8268
2184914,499,13.0,434,421.0,76.0,152,37924.0,75848,32984.0,65968
16873660,1049,,1049,,22.0,44,23078.0,46156,23078.0,46156
18273822,499,2.0,489,487.0,15.0,30,7485.0,14970,7335.0,14670
13478370,1199,10.0,1199,1189.0,10.0,20,11990.0,23980,11990.0,23980
22492614,699,5.0,664,659.0,19.0,38,13281.0,26562,12616.0,25232
13428018,799,70.0,559,489.0,189.0,378,151011.0,302022,105651.0,211302
19235554,899,,899,,16.0,32,14384.0,28768,14384.0,28768
18932802,2199,68.0,703,635.0,0.0,0,0.0,0,0.0,0
15898082,1450,52.0,696,644.0,5.0,10,7250.0,14500,3480.0,6960
22721938,999,40.0,999,959.0,5.0,10,4995.0,9990,4995.0,9990
17832728,699,47.0,699,652.0,12.0,24,8388.0,16776,8388.0,16776
20441812,2499,50.0,2499,2449.0,5.0,10,12495.0,24990,12495.0,24990
17288308,1499,40.0,1499,1459.0,16.0,32,23984.0,47968,23984.0,47968
18209958,2099,44.0,2099,2055.0,13.0,26,27287.0,54574,27287.0,54574
15973760,1299,69.0,402,333.0,10.0,20,12990.0,25980,4020.0,8040
16512022,447,50.0,223,173.0,35.0,70,15645.0,31290,7805.0,15610
17359602,1500,85.0,225,140.0,2.0,4,3000.0,6000,450.0,900
15749326,1499,65.0,740,675.0,24.0,48,35976.0,71952,17760.0,35520
17307488,2399,59.0,983,924.0,0.0,0,0.0,0,0.0,0
17309754,899,45.0,494,449.0,61.0,122,54839.0,109678,30134.0,60268
17361920,1799,69.0,557,488.0,23.0,46,41377.0,82754,12811.0,25622
17307424,2399,59.0,983,924.0,3.0,6,7197.0,14394,2949.0,5898
17307484,2399,59.0,983,924.0,0.0,0,0.0,0,0.0,0
17386184,1299,62.0,493,431.0,0.0,0,0.0,0,0.0,0
17321108,1579,65.0,552,487.0,19.0,38,30001.0,60002,10488.0,20976
17288460,1099,59.0,450,391.0,26.0,52,28574.0,57148,11700.0,23400
17307462,2399,59.0,983,924.0,0.0,0,0.0,0,0.0,0
17309774,1999,60.0,799,739.0,6.0,12,11994.0,23988,4794.0,9588
15114984,899,,899,,53.0,106,47647.0,95294,47647.0,95294
15782402,2700,68.0,864,796.0,153.0,306,413100.0,826200,132192.0,264384
15715190,499,50.0,249,199.0,12.0,24,5988.0,11976,2988.0,5976
15720606,1890,74.0,415,341.0,6.0,12,11340.0,22680,2490.0,4980
15294314,1995,82.0,359,277.0,27.0,54,53865.0,107730,9693.0,19386
16254760,2250,81.0,2250,2169.0,504.0,1008,1134000.0,2268000,1134000.0,2268000
10601120,2499,27.0,1824,1797.0,0.0,0,0.0,0,0.0,0
10018911,1849,70.0,554,484.0,13.0,26,24037.0,48074,7202.0,14404
12944202,799,25.0,599,574.0,0.0,0,0.0,0,0.0,0
15679734,3649,81.0,693,612.0,10.0,20,36490.0,72980,6930.0,13860
10044165,799,,799,,18.0,36,14382.0,28764,14382.0,28764
17696210,499,15.0,424,409.0,15.0,30,7485.0,14970,6360.0,12720
12932560,2999,67.0,989,922.0,6.0,12,17994.0,35988,5934.0,11868
19183770,3295,20.0,2636,2616.0,21.0,42,69195.0,138390,55356.0,110712
18949542,3099,50.0,1549,1499.0,32.0,64,99168.0,198336,49568.0,99136
15725544,3555,49.0,1813,1764.0,12.0,24,42660.0,85320,21756.0,43512
14654046,4995,56.0,2197,2141.0,12.0,24,59940.0,119880,26364.0,52728
19698082,2599,68.0,2599,2531.0,6.0,12,15594.0,31188,15594.0,31188
17314272,4799,73.0,4799,4726.0,12.0,24,57588.0,115176,57588.0,115176
21425266,4699,74.0,4699,4625.0,242.0,484,1137158.0,2274316,1137158.0,2274316
18462146,1599,60.0,1599,1539.0,10.0,20,15990.0,31980,15990.0,31980
18465340,4125,70.0,4125,4055.0,15.0,30,61875.0,123750,61875.0,123750
17292364,4199,76.0,1007,931.0,18.0,36,75582.0,151164,18126.0,36252
17292396,6999,76.0,1679,1603.0,0.0,0,0.0,0,0.0,0
17275964,2999,75.0,749,674.0,0.0,0,0.0,0,0.0,0
17292330,4599,76.0,1103,1027.0,11.0,22,50589.0,101178,12133.0,24266
17349470,5499,76.0,1319,1243.0,0.0,0,0.0,0,0.0,0
16273460,6599,73.0,1781,1708.0,0.0,0,0.0,0,0.0,0
16287798,5299,76.0,1271,1195.0,0.0,0,0.0,0,0.0,0
16287654,4099,75.0,1024,949.0,359.0,718,1471541.0,2943082,367616.0,735232
16287750,4099,76.0,983,907.0,0.0,0,0.0,0,0.0,0
16287690,4099,72.0,1147,1075.0,0.0,0,0.0,0,0.0,0
16287830,4099,76.0,983,907.0,12.0,24,49188.0,98376,11796.0,23592
16287694,4099,72.0,1147,1075.0,0.0,0,0.0,0,0.0,0
16287764,4799,72.0,1343,1271.0,129.0,258,619071.0,1238142,173247.0,346494
14975360,2396,75.0,599,524.0,1194.0,2388,2860824.0,5721648,715206.0,1430412
19233030,4612,74.0,1199,1125.0,0.0,0,0.0,0,0.0,0
19823504,9995,83.0,1699,1616.0,19.0,38,189905.0,379810,32281.0,64562
19305196,4499,62.0,1709,1647.0,0.0,0,0.0,0,0.0,0
16293500,1249,65.0,437,372.0,3.0,6,3747.0,7494,1311.0,2622
16293432,1499,65.0,524,459.0,6.0,12,8994.0,17988,3144.0,6288
14487194,495,50.0,247,197.0,45.0,90,22275.0,44550,11115.0,22230
14472340,379,25.0,284,259.0,21.0,42,7959.0,15918,5964.0,11928
16779444,1250,,1250,,5.0,10,6250.0,12500,6250.0,12500
15880308,294,3.0,285,282.0,7.0,14,2058.0,4116,1995.0,3990
17332192,13099,62.0,4977,4915.0,3.0,6,39297.0,78594,14931.0,29862
17332264,13799,66.0,4691,4625.0,0.0,0,0.0,0,0.0,0
17332220,16199,61.0,6317,6256.0,8.0,16,129592.0,259184,50536.0,101072
17332288,22199,66.0,7547,7481.0,0.0,0,0.0,0,0.0,0
17332244,12599,58.0,5291,5233.0,0.0,0,0.0,0,0.0,0
18719236,2999,50.0,1499,1449.0,12.0,24,35988.0,71976,17988.0,35976
18960048,1749,74.0,507,433.0,128.0,256,223872.0,447744,64896.0,129792
18960188,1749,74.0,454,380.0,35.0,70,61215.0,122430,15890.0,31780
18960016,1749,74.0,454,380.0,102.0,204,178398.0,356796,46308.0,92616
18996778,2599,50.0,1559,1509.0,10.0,20,25990.0,51980,15590.0,31180
18996772,2799,50.0,1399,1349.0,10.0,20,27990.0,55980,13990.0,27980
18719418,2799,55.0,1259,1204.0,0.0,0,0.0,0,0.0,0
18960086,1749,72.0,454,382.0,23.0,46,40227.0,80454,10442.0,20884
18960098,1749,76.0,419,343.0,5.0,10,8745.0,17490,2095.0,4190
18971858,2699,74.0,701,627.0,43.0,86,116057.0,232114,30143.0,60286
17304036,2199,60.0,2199,2139.0,26.0,52,57174.0,114348,57174.0,114348
17377642,1499,50.0,1499,1449.0,94.0,188,140906.0,281812,140906.0,281812
18463946,2399,50.0,2399,2349.0,15.0,30,35985.0,71970,35985.0,71970
13621622,2399,,2399,,41.0,82,98359.0,196718,98359.0,196718
13480184,1699,,1699,,25.0,50,42475.0,84950,42475.0,84950
17719808,2199,31.0,2199,2168.0,18.0,36,39582.0,79164,39582.0,79164
18759238,1399,47.0,741,694.0,32.0,64,44768.0,89536,23712.0,47424
20394602,1999,60.0,1999,1939.0,38.0,76,75962.0,151924,75962.0,151924
13672974,2599,55.0,2599,2544.0,250.0,500,649750.0,1299500,649750.0,1299500
13694492,2499,35.0,1624,1589.0,22.0,44,54978.0,109956,35728.0,71456
21388884,2199,70.0,2199,2129.0,58.0,116,127542.0,255084,127542.0,255084
13681812,2499,35.0,1624,1589.0,5.0,10,12495.0,24990,8120.0,16240
21396820,3499,65.0,3499,3434.0,15.0,30,52485.0,104970,52485.0,104970
16042682,3599,50.0,1799,1749.0,15.0,30,53985.0,107970,26985.0,53970
14519404,1749,74.0,489,415.0,117.0,234,204633.0,409266,57213.0,114426
18996754,2599,50.0,1299,1249.0,9.0,18,23391.0,46782,11691.0,23382
18927466,2299,50.0,1149,1099.0,69.0,138,158631.0,317262,79281.0,158562
17296250,1290,33.0,864,831.0,20.0,40,25800.0,51600,17280.0,34560
17297320,6999,50.0,3499,3449.0,0.0,0,0.0,0,0.0,0
17280264,1199,59.0,491,432.0,1246.0,2492,1493954.0,2987908,611786.0,1223572
17355950,1999,74.0,519,445.0,78.0,156,155922.0,311844,40482.0,80964
17313694,1999,71.0,579,508.0,5.0,10,9995.0,19990,2895.0,5790
17356740,1899,73.0,512,439.0,99.0,198,188001.0,376002,50688.0,101376
17320764,6499,50.0,3249,3199.0,0.0,0,0.0,0,0.0,0
17363588,1499,70.0,449,379.0,4.0,8,5996.0,11992,1796.0,3592
17307612,2199,30.0,1539,1509.0,23.0,46,50577.0,101154,35397.0,70794
17345842,3499,45.0,1924,1879.0,12.0,24,41988.0,83976,23088.0,46176
17322090,1399,61.0,545,484.0,18.0,36,25182.0,50364,9810.0,19620
17354282,999,45.0,549,504.0,23.0,46,22977.0,45954,12627.0,25254
17278954,1249,62.0,474,412.0,79.0,158,98671.0,197342,37446.0,74892
17289046,1699,57.0,730,673.0,23.0,46,39077.0,78154,16790.0,33580
17327438,4398,58.0,1847,1789.0,6.0,12,26388.0,52776,11082.0,22164
17300314,1899,55.0,854,799.0,11.0,22,20889.0,41778,9394.0,18788
17307656,2799,60.0,1119,1059.0,5.0,10,13995.0,27990,5595.0,11190
17313630,1999,71.0,579,508.0,68.0,136,135932.0,271864,39372.0,78744
17342230,1599,55.0,671,616.0,6.0,12,9594.0,19188,4026.0,8052
17331296,1699,,1699,,5.0,10,8495.0,16990,8495.0,16990
17345374,2499,60.0,999,939.0,34.0,68,84966.0,169932,33966.0,67932
17355884,1999,65.0,699,634.0,167.0,334,333833.0,667666,116733.0,233466
17322122,1599,70.0,479,409.0,2.0,4,3198.0,6396,958.0,1916
17293106,1599,59.0,591,532.0,622.0,1244,994578.0,1989156,367602.0,735204
17342236,1599,55.0,671,616.0,16.0,32,25584.0,51168,10736.0,21472
17322136,1399,61.0,545,484.0,5.0,10,6995.0,13990,2725.0,5450
17375000,2399,30.0,1151,1121.0,15.0,30,35985.0,71970,17265.0,34530
17355886,1999,75.0,499,424.0,31.0,62,61969.0,123938,15469.0,30938
18045128,1149,48.0,540,492.0,6.0,12,6894.0,13788,3240.0,6480
17289100,1899,55.0,854,799.0,7.0,14,13293.0,26586,5978.0,11956
17313676,1499,61.0,584,523.0,11.0,22,16489.0,32978,6424.0,12848
17302022,799,14.0,687,673.0,77.0,154,61523.0,123046,52899.0,105798
17313952,999,55.0,369,314.0,101.0,202,100899.0,201798,37269.0,74538
17352294,2099,63.0,776,713.0,195.0,390,409305.0,818610,151320.0,302640
22326558,2499,76.0,599,523.0,26.0,52,64974.0,129948,15574.0,31148
18960146,1749,74.0,454,380.0,61.0,122,106689.0,213378,27694.0,55388
18970712,3299,40.0,1979,1939.0,10.0,20,32990.0,65980,19790.0,39580
18960126,1749,74.0,454,380.0,21.0,42,36729.0,73458,9534.0,19068
18960118,1749,71.0,507,436.0,12.0,24,20988.0,41976,6084.0,12168
18970848,2799,40.0,1679,1639.0,14.0,28,39186.0,78372,23506.0,47012
18969276,1399,54.0,643,589.0,14.0,28,19586.0,39172,9002.0,18004
18946970,3499,,3499,,4.0,8,13996.0,27992,13996.0,27992
18959846,2399,62.0,911,849.0,11.0,22,26389.0,52778,10021.0,20042
13692666,1899,50.0,1899,1849.0,51.0,102,96849.0,193698,96849.0,193698
13692652,2499,,2499,,78.0,156,194922.0,389844,194922.0,389844
13768790,3299,50.0,3299,3249.0,40.0,80,131960.0,263920,131960.0,263920
13453254,2199,74.0,2199,2125.0,7.0,14,15393.0,30786,15393.0,30786
18450788,4299,,4299,,118.0,236,507282.0,1014564,507282.0,1014564
18690268,1999,80.0,1999,1919.0,5.0,10,9995.0,19990,9995.0,19990
13770578,2799,50.0,2799,2749.0,53.0,106,148347.0,296694,148347.0,296694
13675502,1799,,1799,,108.0,216,194292.0,388584,194292.0,388584
18734674,999,50.0,999,949.0,18.0,36,17982.0,35964,17982.0,35964
13775106,3299,50.0,3299,3249.0,63.0,126,207837.0,415674,207837.0,415674
13470886,1399,,1399,,203.0,406,283997.0,567994,283997.0,567994
13722850,1999,50.0,999,949.0,39.0,78,77961.0,155922,38961.0,77922
13675482,1799,55.0,1799,1744.0,44.0,88,79156.0,158312,79156.0,158312
18443082,1999,15.0,1699,1684.0,19.0,38,37981.0,75962,32281.0,64562
20042586,1799,45.0,1799,1754.0,140.0,280,251860.0,503720,251860.0,503720
20308616,2499,50.0,2499,2449.0,64.0,128,159936.0,319872,159936.0,319872
20009218,2299,30.0,2299,2269.0,28.0,56,64372.0,128744,64372.0,128744
20308496,2499,,2499,,70.0,140,174930.0,349860,174930.0,349860
20042696,1999,55.0,1999,1944.0,102.0,204,203898.0,407796,203898.0,407796
20308670,2399,40.0,1199,1159.0,64.0,128,153536.0,307072,76736.0,153472
19999300,2499,74.0,2499,2425.0,16.0,32,39984.0,79968,39984.0,79968
19822716,1849,64.0,1849,1785.0,6.0,12,11094.0,22188,11094.0,22188
20308620,2499,50.0,2499,2449.0,59.0,118,147441.0,294882,147441.0,294882
18960194,1749,72.0,349,277.0,73.0,146,127677.0,255354,25477.0,50954
19276504,1399,40.0,839,799.0,7.0,14,9793.0,19586,5873.0,11746
19299798,2799,,2519,,32.0,64,89568.0,179136,80608.0,161216
18903374,2599,45.0,2079,2034.0,168.0,336,436632.0,873264,349272.0,698544
18947596,1799,67.0,593,526.0,9.0,18,16191.0,32382,5337.0,10674
18946864,1499,53.0,699,646.0,20.0,40,29980.0,59960,13980.0,27960
18921438,1599,25.0,959,934.0,28.0,56,44772.0,89544,26852.0,53704
13624708,1795,,1795,,376.0,752,674920.0,1349840,674920.0,1349840
18645102,599,53.0,599,546.0,16.0,32,9584.0,19168,9584.0,19168
13695234,1499,30.0,1049,1019.0,150.0,300,224850.0,449700,157350.0,314700
13610026,1899,40.0,1139,1099.0,84.0,168,159516.0,319032,95676.0,191352
16051700,1999,52.0,959,907.0,0.0,0,0.0,0,0.0,0
14561272,2299,50.0,1149,1099.0,5.0,10,11495.0,22990,5745.0,11490
16051704,1999,71.0,579,508.0,0.0,0,0.0,0,0.0,0
14494548,650,,650,,11.0,22,7150.0,14300,7150.0,14300
14496210,650,,650,,46.0,92,29900.0,59800,29900.0,59800
16043840,1699,60.0,679,619.0,0.0,0,0.0,0,0.0,0
18942852,999,55.0,449,394.0,14.0,28,13986.0,27972,6286.0,12572
18650484,699,54.0,321,267.0,14.0,28,9786.0,19572,4494.0,8988
19024468,1695,40.0,1017,977.0,9.0,18,15255.0,30510,9153.0,18306
17333612,2499,25.0,1874,1849.0,10.0,20,24990.0,49980,18740.0,37480
17332648,2999,40.0,1499,1459.0,9.0,18,26991.0,53982,13491.0,26982
15177608,1399,30.0,979,949.0,61.0,122,85339.0,170678,59719.0,119438
18947600,1899,66.0,645,579.0,38.0,76,72162.0,144324,24510.0,49020
18658050,1799,40.0,1079,1039.0,13.0,26,23387.0,46774,14027.0,28054
17341550,2499,75.0,624,549.0,0.0,0,0.0,0,0.0,0
13572038,1999,60.0,799,739.0,51.0,102,101949.0,203898,40749.0,81498
17367638,1199,26.0,983,957.0,16.0,32,19184.0,38368,15728.0,31456
17299116,1599,60.0,639,579.0,0.0,0,0.0,0,0.0,0
17306258,1499,71.0,434,363.0,81.0,162,121419.0,242838,35154.0,70308
17332132,1895,70.0,568,498.0,13.0,26,24635.0,49270,7384.0,14768
17367634,1399,74.0,363,289.0,43.0,86,60157.0,120314,15609.0,31218
17745816,1999,40.0,1999,1959.0,6.0,12,11994.0,23988,11994.0,23988
17631178,3599,,3599,,127.0,254,457073.0,914146,457073.0,914146
13686682,799,6.0,751,745.0,452.0,904,361148.0,722296,339452.0,678904
14480064,3995,80.0,799,719.0,46.0,92,183770.0,367540,36754.0,73508
10667394,1499,37.0,944,907.0,35.0,70,52465.0,104930,33040.0,66080
20071104,4299,,2794,,149.0,298,640551.0,1281102,416306.0,832612
20072084,5999,,3599,,22.0,44,131978.0,263956,79178.0,158356
20071622,11999,,7199,,21.0,42,251979.0,503958,151179.0,302358
20071558,3599,,2339,,231.0,462,831369.0,1662738,540309.0,1080618
20071402,4599,,4599,,149.0,298,685251.0,1370502,685251.0,1370502
20070948,5999,,5999,,52.0,104,311948.0,623896,311948.0,623896
20070966,4799,,2879,,36.0,72,172764.0,345528,103644.0,207288
20075460,4199,74.0,1091,1017.0,3.0,6,12597.0,25194,3273.0,6546
20071236,5299,,5299,,57.0,114,302043.0,604086,302043.0,604086
22054912,13499,,13499,,18.0,36,242982.0,485964,242982.0,485964
14208408,999,,999,,20.0,40,19980.0,39960,19980.0,39960
11441718,2695,75.0,2695,2620.0,50.0,100,134750.0,269500,134750.0,269500
19324484,6490,,6490,,6.0,12,38940.0,77880,38940.0,77880
11627996,2999,67.0,2999,2932.0,56.0,112,167944.0,335888,167944.0,335888
11963938,899,1.0,899,898.0,8.0,16,7192.0,14384,7192.0,14384
19334944,5490,,5490,,11.0,22,60390.0,120780,60390.0,120780
11986876,899,1.0,899,898.0,9.0,18,8091.0,16182,8091.0,16182
19334760,5490,,5490,,4.0,8,21960.0,43920,21960.0,43920
19334942,5490,,5490,,6.0,12,32940.0,65880,32940.0,65880
13484354,12999,,12999,,19.0,38,246981.0,493962,246981.0,493962
11960808,1499,56.0,659,603.0,76.0,152,113924.0,227848,50084.0,100168
19102564,11999,25.0,11999,11974.0,58.0,116,695942.0,1391884,695942.0,1391884
11400234,2499,72.0,2499,2427.0,38.0,76,94962.0,189924,94962.0,189924
14323336,1299,,1299,,23.0,46,29877.0,59754,29877.0,59754
19402102,4999,50.0,4999,4949.0,124.0,248,619876.0,1239752,619876.0,1239752
14208394,999,,999,,13.0,26,12987.0,25974,12987.0,25974
16880520,8999,55.0,4049,3994.0,24.0,48,215976.0,431952,97176.0,194352
18356356,5499,60.0,2199,2139.0,109.0,218,599391.0,1198782,239691.0,479382
18906230,7499,40.0,4499,4459.0,127.0,254,952373.0,1904746,571373.0,1142746
18373464,3599,,3599,,113.0,226,406687.0,813374,406687.0,813374
16824638,9999,50.0,4999,4949.0,14.0,28,139986.0,279972,69986.0,139972
18374802,12999,,12999,,21.0,42,272979.0,545958,272979.0,545958
16824670,9999,45.0,5499,5454.0,31.0,62,309969.0,619938,170469.0,340938
18374200,16999,,10199,,15.0,30,254985.0,509970,152985.0,305970
18374286,5999,,3599,,22.0,44,131978.0,263956,79178.0,158356
18382842,3599,60.0,1439,1379.0,142.0,284,511058.0,1022116,204338.0,408676
18373646,3799,35.0,2469,2434.0,319.0,638,1211881.0,2423762,787611.0,1575222
18373380,4799,35.0,3119,3084.0,73.0,146,350327.0,700654,227687.0,455374
16864474,6999,20.0,5599,5579.0,3.0,6,20997.0,41994,16797.0,33594
18374978,4999,,3249,,94.0,188,469906.0,939812,305406.0,610812
18906226,6499,40.0,3899,3859.0,93.0,186,604407.0,1208814,362607.0,725214
18374614,18999,25.0,14249,14224.0,11.0,22,208989.0,417978,156739.0,313478
16305908,1399,10.0,1259,1249.0,23.0,46,32177.0,64354,28957.0,57914
16279696,1699,38.0,1053,1015.0,6.0,12,10194.0,20388,6318.0,12636
13072098,4499,45.0,2474,2429.0,7.0,14,31493.0,62986,17318.0,34636
19298764,1299,10.0,909,899.0,71.0,142,92229.0,184458,64539.0,129078
17609480,3480,42.0,3480,3438.0,5.0,10,17400.0,34800,17400.0,34800
18430170,1499,47.0,1499,1452.0,64.0,128,95936.0,191872,95936.0,191872
10349091,2840,,1420,,9.0,18,25560.0,51120,12780.0,25560
20033282,999,20.0,799,779.0,3.0,6,2997.0,5994,2397.0,4794
10135715,1599,68.0,511,443.0,213.0,426,340587.0,681174,108843.0,217686
21296678,3999,60.0,3399,3339.0,22.0,44,87978.0,175956,74778.0,149556
20721298,599,35.0,599,564.0,9.0,18,5391.0,10782,5391.0,10782
19432310,3999,60.0,3999,3939.0,14.0,28,55986.0,111972,55986.0,111972
11843058,2590,25.0,2590,2565.0,9.0,18,23310.0,46620,23310.0,46620
14279418,1799,,1799,,48.0,96,86352.0,172704,86352.0,172704
14335774,1699,,1699,,205.0,410,348295.0,696590,348295.0,696590
20712132,3599,10.0,3599,3589.0,5.0,10,17995.0,35990,17995.0,35990
11990920,1699,58.0,1699,1641.0,179.0,358,304121.0,608242,304121.0,608242
19055422,2080,40.0,2080,2040.0,18.0,36,37440.0,74880,37440.0,74880
14280312,1999,,1999,,175.0,350,349825.0,699650,349825.0,699650
19432716,2999,60.0,2999,2939.0,9.0,18,26991.0,53982,26991.0,53982
14335776,2199,35.0,2199,2164.0,345.0,690,758655.0,1517310,758655.0,1517310
11990978,1999,61.0,1999,1938.0,302.0,604,603698.0,1207396,603698.0,1207396
11972948,1599,,1599,,213.0,426,340587.0,681174,340587.0,681174
11990952,1699,61.0,1699,1638.0,449.0,898,762851.0,1525702,762851.0,1525702
14280306,2399,,2399,,72.0,144,172728.0,345456,172728.0,345456
14280286,1999,,1999,,54.0,108,107946.0,215892,107946.0,215892
14279412,1899,61.0,1899,1838.0,47.0,94,89253.0,178506,89253.0,178506
18241626,1699,62.0,645,583.0,25.0,50,42475.0,84950,16125.0,32250
18241400,2699,5.0,944,939.0,57.0,114,153843.0,307686,53808.0,107616
18241644,1999,62.0,759,697.0,55.0,110,109945.0,219890,41745.0,83490
18240570,2499,65.0,874,809.0,53.0,106,132447.0,264894,46322.0,92644
18240582,2499,65.0,874,809.0,39.0,78,97461.0,194922,34086.0,68172
18337610,2299,67.0,758,691.0,32.0,64,73568.0,147136,24256.0,48512
18240902,3299,64.0,1187,1123.0,31.0,62,102269.0,204538,36797.0,73594
18260060,2099,61.0,818,757.0,48.0,96,100752.0,201504,39264.0,78528
18241294,1699,5.0,628,623.0,90.0,180,152910.0,305820,56520.0,113040
18180102,1698,35.0,1103,1068.0,45.0,90,76410.0,152820,49635.0,99270
18241298,1999,70.0,699,629.0,59.0,118,117941.0,235882,41241.0,82482
18260104,2399,66.0,815,749.0,62.0,124,148738.0,297476,50530.0,101060
17154952,1999,51.0,979,928.0,0.0,0,0.0,0,0.0,0
18820948,5599,40.0,5599,5559.0,24.0,48,134376.0,268752,134376.0,268752
18929536,1999,,1999,,95.0,190,189905.0,379810,189905.0,379810
17156676,4799,85.0,4799,4714.0,20.0,40,95980.0,191960,95980.0,191960
18825046,4599,40.0,4599,4559.0,29.0,58,133371.0,266742,133371.0,266742
17157846,3999,82.0,3999,3917.0,10.0,20,39990.0,79980,39990.0,79980
18825174,5599,40.0,3359,3319.0,20.0,40,111980.0,223960,67180.0,134360
18929548,1599,52.0,1599,1547.0,79.0,158,126321.0,252642,126321.0,252642
9867517,1299,50.0,1299,1249.0,416.0,832,540384.0,1080768,540384.0,1080768
6510138,1999,50.0,1999,1949.0,959.0,1918,1917041.0,3834082,1917041.0,3834082
18071360,1399,,1399,,84.0,168,117516.0,235032,117516.0,235032
18825178,4999,40.0,4999,4959.0,37.0,74,184963.0,369926,184963.0,369926
18830500,1599,60.0,1599,1539.0,10.0,20,15990.0,31980,15990.0,31980
9656079,2499,50.0,2499,2449.0,294.0,588,734706.0,1469412,734706.0,1469412
20389784,2999,55.0,2999,2944.0,9.0,18,26991.0,53982,26991.0,53982
18820780,4999,40.0,4999,4959.0,35.0,70,174965.0,349930,174965.0,349930
18820580,5599,40.0,5599,5559.0,33.0,66,184767.0,369534,184767.0,369534
20389690,699,20.0,699,679.0,8.0,16,5592.0,11184,5592.0,11184
10388101,1799,50.0,899,849.0,4.0,8,7196.0,14392,3596.0,7192
18723286,1699,50.0,849,799.0,7.0,14,11893.0,23786,5943.0,11886
17121312,2499,60.0,2249,2189.0,30.0,60,74970.0,149940,67470.0,134940
17844560,999,50.0,999,949.0,7.0,14,6993.0,13986,6993.0,13986
1605539,799,23.0,615,592.0,76.0,152,60724.0,121448,46740.0,93480
17634528,749,19.0,606,587.0,20.0,40,14980.0,29960,12120.0,24240
18614510,2299,73.0,599,526.0,0.0,0,0.0,0,0.0,0
18972586,3329,79.0,699,620.0,0.0,0,0.0,0,0.0,0
18937628,1398,66.0,475,409.0,29.0,58,40542.0,81084,13775.0,27550
18972622,3329,78.0,732,654.0,0.0,0,0.0,0,0.0,0
18979466,799,46.0,431,385.0,0.0,0,0.0,0,0.0,0
18972618,3329,79.0,699,620.0,0.0,0,0.0,0,0.0,0
18990292,1699,65.0,594,529.0,15.0,30,25485.0,50970,8910.0,17820
18972748,1499,65.0,524,459.0,7.0,14,10493.0,20986,3668.0,7336
18998738,1999,74.0,519,445.0,0.0,0,0.0,0,0.0,0
18904492,2099,20.0,1133,1113.0,50.0,100,104950.0,209900,56650.0,113300
18972644,3329,79.0,699,620.0,0.0,0,0.0,0,0.0,0
13583566,1499,,1499,,20.0,40,29980.0,59960,29980.0,59960
18551958,799,53.0,799,746.0,6.0,12,4794.0,9588,4794.0,9588
13466462,1599,80.0,1599,1519.0,11.0,22,17589.0,35178,17589.0,35178
13611204,1889,58.0,1889,1831.0,266.0,532,502474.0,1004948,502474.0,1004948
18657642,399,10.0,399,389.0,6.0,12,2394.0,4788,2394.0,4788
13611420,1499,47.0,1499,1452.0,61.0,122,91439.0,182878,91439.0,182878
13573344,699,,699,,280.0,560,195720.0,391440,195720.0,391440
13616586,1590,60.0,1590,1530.0,16.0,32,25440.0,50880,25440.0,50880
20222156,799,30.0,799,769.0,47.0,94,37553.0,75106,37553.0,75106
20405594,999,50.0,999,949.0,166.0,332,165834.0,331668,165834.0,331668
20222142,499,25.0,499,474.0,40.0,80,19960.0,39920,19960.0,39920
20092320,3200,65.0,3200,3135.0,26.0,52,83200.0,166400,83200.0,166400
20222144,1599,40.0,1599,1559.0,10.0,20,15990.0,31980,15990.0,31980
13677014,1299,63.0,480,417.0,0.0,0,0.0,0,0.0,0
14538300,499,24.0,379,355.0,10.0,20,4990.0,9980,3790.0,7580
15888984,978,42.0,567,525.0,0.0,0,0.0,0,0.0,0
22151840,1800,40.0,1800,1760.0,27.0,54,48600.0,97200,48600.0,97200
18601474,1399,39.0,1399,1360.0,5.0,10,6995.0,13990,6995.0,13990
18478530,999,50.0,999,949.0,454.0,908,453546.0,907092,453546.0,907092
18639246,329,,329,,139.0,278,45731.0,91462,45731.0,91462
18389746,499,20.0,499,479.0,15.0,30,7485.0,14970,7485.0,14970
17763368,1299,58.0,1299,1241.0,7.0,14,9093.0,18186,9093.0,18186
17628058,1599,64.0,1599,1535.0,7.0,14,11193.0,22386,11193.0,22386
17628394,2499,65.0,2499,2434.0,25.0,50,62475.0,124950,62475.0,124950
4441374,1095,70.0,328,258.0,24.0,48,26280.0,52560,7872.0,15744
17178948,1049,50.0,524,474.0,11.0,22,11539.0,23078,5764.0,11528
17132266,1499,64.0,539,475.0,10.0,20,14990.0,29980,5390.0,10780
19017874,1099,65.0,384,319.0,125.0,250,137375.0,274750,48000.0,96000
17108782,1299,65.0,454,389.0,78.0,156,101322.0,202644,35412.0,70824
17108574,1199,64.0,431,367.0,68.0,136,81532.0,163064,29308.0,58616
18803468,1499,56.0,659,603.0,0.0,0,0.0,0,0.0,0
17253026,1699,70.0,509,439.0,113.0,226,191987.0,383974,57517.0,115034
22649882,1299,57.0,558,501.0,6.0,12,7794.0,15588,3348.0,6696
2511559,1998,,1998,,14.0,28,27972.0,55944,27972.0,55944
18879656,1990,37.0,1990,1953.0,165.0,330,328350.0,656700,328350.0,656700
18626976,2299,65.0,2299,2234.0,78.0,156,179322.0,358644,179322.0,358644
19018090,799,,799,,102.0,204,81498.0,162996,81498.0,162996
18972770,1299,65.0,454,389.0,11.0,22,14289.0,28578,4994.0,9988
17121092,2999,60.0,2999,2939.0,16.0,32,47984.0,95968,47984.0,95968
19018146,899,56.0,899,843.0,110.0,220,98890.0,197780,98890.0,197780
17268524,699,25.0,699,674.0,203.0,406,141897.0,283794,141897.0,283794
18854764,1299,62.0,1299,1237.0,4.0,8,5196.0,10392,5196.0,10392
18904472,2299,57.0,1839,1782.0,44.0,88,101156.0,202312,80916.0,161832
18972596,3329,82.0,599,517.0,0.0,0,0.0,0,0.0,0
17124636,799,25.0,799,774.0,25.0,50,19975.0,39950,19975.0,39950
17255462,1499,54.0,1499,1445.0,71.0,142,106429.0,212858,106429.0,212858
17120826,1999,60.0,1999,1939.0,52.0,104,103948.0,207896,103948.0,207896
18998684,1999,5.0,1999,1994.0,20.0,40,39980.0,79960,39980.0,79960
18814970,1299,62.0,1299,1237.0,75.0,150,97425.0,194850,97425.0,194850
18980478,600,26.0,600,574.0,2.0,4,1200.0,2400,1200.0,2400
17270406,1649,50.0,1649,1599.0,3.0,6,4947.0,9894,4947.0,9894
18900376,699,,699,,332.0,664,232068.0,464136,232068.0,464136
17257582,1795,45.0,1795,1750.0,37.0,74,66415.0,132830,66415.0,132830
17255498,1499,54.0,1499,1445.0,44.0,88,65956.0,131912,65956.0,131912
22747068,1399,60.0,1399,1339.0,5.0,10,6995.0,13990,6995.0,13990
19017944,799,,799,,94.0,188,75106.0,150212,75106.0,150212
17114132,999,,999,,51.0,102,50949.0,101898,50949.0,101898
18948348,1899,60.0,1899,1839.0,11.0,22,20889.0,41778,20889.0,41778
17255876,1099,67.0,1099,1032.0,10.0,20,10990.0,21980,10990.0,21980
4380622,1799,,1799,,15.0,30,26985.0,53970,26985.0,53970
18975854,1099,40.0,659,619.0,0.0,0,0.0,0,0.0,0
18849012,1799,50.0,899,849.0,0.0,0,0.0,0,0.0,0
17944580,2299,65.0,2299,2234.0,76.0,152,174724.0,349448,174724.0,349448
8330413,2799,,2799,,4.0,8,11196.0,22392,11196.0,22392
7206166,895,70.0,895,825.0,34.0,68,30430.0,60860,30430.0,60860
9540499,1499,62.0,1499,1437.0,31.0,62,46469.0,92938,46469.0,92938
18944780,1499,58.0,629,571.0,3.0,6,4497.0,8994,1887.0,3774
20383782,1299,,1299,,17.0,34,22083.0,44166,22083.0,44166
17889776,699,47.0,699,652.0,13.0,26,9087.0,18174,9087.0,18174
9100721,1199,66.0,1199,1133.0,29.0,58,34771.0,69542,34771.0,69542
18001072,1299,53.0,1299,1246.0,14.0,28,18186.0,36372,18186.0,36372
17938374,999,30.0,999,969.0,17.0,34,16983.0,33966,16983.0,33966
8675767,3490,55.0,3490,3435.0,15.0,30,52350.0,104700,52350.0,104700
17973634,2199,75.0,2199,2124.0,21.0,42,46179.0,92358,46179.0,92358
7117598,1499,,1499,,40.0,80,59960.0,119920,59960.0,119920
17950198,2199,81.0,2199,2118.0,29.0,58,63771.0,127542,63771.0,127542
18847712,1975,70.0,1975,1905.0,9.0,18,17775.0,35550,17775.0,35550
8365569,1495,70.0,1495,1425.0,14.0,28,20930.0,41860,20930.0,41860
7581747,899,25.0,899,874.0,50.0,100,44950.0,89900,44950.0,89900
9818669,999,60.0,999,939.0,8.0,16,7992.0,15984,7992.0,15984
8367605,1290,62.0,1290,1228.0,93.0,186,119970.0,239940,119970.0,239940
7183090,1299,69.0,1299,1230.0,29.0,58,37671.0,75342,37671.0,75342
9557519,2490,35.0,2490,2455.0,1.0,2,2490.0,4980,2490.0,4980
9327149,999,50.0,999,949.0,4.0,8,3996.0,7992,3996.0,7992
17976710,3590,,3590,,36.0,72,129240.0,258480,129240.0,258480
18780000,1999,69.0,619,550.0,31.0,62,61969.0,123938,19189.0,38378
7033949,2299,65.0,2299,2234.0,56.0,112,128744.0,257488,128744.0,257488
7461410,1299,60.0,1299,1239.0,14.0,28,18186.0,36372,18186.0,36372
8807033,799,60.0,799,739.0,14.0,28,11186.0,22372,11186.0,22372
17950208,2199,81.0,2199,2118.0,20.0,40,43980.0,87960,43980.0,87960
19024914,1499,56.0,659,603.0,0.0,0,0.0,0,0.0,0
14340794,2390,27.0,2390,2363.0,82.0,164,195980.0,391960,195980.0,391960
19410570,1499,25.0,1499,1474.0,44.0,88,65956.0,131912,65956.0,131912
11811068,999,35.0,999,964.0,15.0,30,14985.0,29970,14985.0,29970
7829467,1399,58.0,1399,1341.0,5.0,10,6995.0,13990,6995.0,13990
17982570,999,25.0,999,974.0,52.0,104,51948.0,103896,51948.0,103896
8675465,2990,55.0,2990,2935.0,23.0,46,68770.0,137540,68770.0,137540
17950338,2199,81.0,2199,2118.0,16.0,32,35184.0,70368,35184.0,70368
11876926,1999,80.0,1999,1919.0,57.0,114,113943.0,227886,113943.0,227886
11764192,1299,60.0,1299,1239.0,10.0,20,12990.0,25980,12990.0,25980
11538822,599,8.0,599,591.0,17.0,34,10183.0,20366,10183.0,20366
11878498,1290,60.0,1290,1230.0,9.0,18,11610.0,23220,11610.0,23220
7326508,1499,45.0,1499,1454.0,25.0,50,37475.0,74950,37475.0,74950
586846,899,40.0,899,859.0,11.0,22,9889.0,19778,9889.0,19778
18000968,1049,48.0,1049,1001.0,21.0,42,22029.0,44058,22029.0,44058
18937522,1298,65.0,454,389.0,57.0,114,73986.0,147972,25878.0,51756
18962100,2495,,2495,,72.0,144,179640.0,359280,179640.0,359280
18972666,3329,78.0,732,654.0,0.0,0,0.0,0,0.0,0
13748756,1599,70.0,479,409.0,35.0,70,55965.0,111930,16765.0,33530
22568668,449,,449,,30.0,60,13470.0,26940,13470.0,26940
19297208,1578,60.0,631,571.0,0.0,0,0.0,0,0.0,0
18974594,3799,70.0,1139,1069.0,16.0,32,60784.0,121568,18224.0,36448
18974634,1899,60.0,759,699.0,35.0,70,66465.0,132930,26565.0,53130
18970176,1599,62.0,1039,977.0,30.0,60,47970.0,95940,31170.0,62340
18138806,599,20.0,599,579.0,28.0,56,16772.0,33544,16772.0,33544
18670518,599,20.0,599,579.0,8.0,16,4792.0,9584,4792.0,9584
17628782,1999,,1999,,81.0,162,161919.0,323838,161919.0,323838
17628712,1799,,1799,,65.0,130,116935.0,233870,116935.0,233870
18537496,1699,76.0,1699,1623.0,5.0,10,8495.0,16990,8495.0,16990
18970196,1499,30.0,749,719.0,12.0,24,17988.0,35976,8988.0,17976
18970104,1499,50.0,749,699.0,14.0,28,20986.0,41972,10486.0,20972
18688608,17995,85.0,17995,17910.0,8.0,16,143960.0,287920,143960.0,287920
17663904,849,22.0,849,827.0,25.0,50,21225.0,42450,21225.0,42450
17760062,1499,25.0,1499,1474.0,608.0,1216,911392.0,1822784,911392.0,1822784
17647372,2899,,2899,,38.0,76,110162.0,220324,110162.0,220324
17760038,1299,25.0,1299,1274.0,128.0,256,166272.0,332544,166272.0,332544
22323008,3099,82.0,557,475.0,5.0,10,15495.0,30990,2785.0,5570
19289426,2499,5.0,1224,1219.0,13.0,26,32487.0,64974,15912.0,31824
10704378,777,25.0,582,557.0,5.0,10,3885.0,7770,2910.0,5820
1993251,699,35.0,349,314.0,26.0,52,18174.0,36348,9074.0,18148
10019547,1197,14.0,1029,1015.0,9.0,18,10773.0,21546,9261.0,18522
10591036,529,,529,,65.0,130,34385.0,68770,34385.0,68770
20042464,339,24.0,257,233.0,18.0,36,6102.0,12204,4626.0,9252
12939888,718,12.0,625,613.0,19.0,38,13642.0,27284,11875.0,23750
17352320,1099,47.0,1099,1052.0,70.0,140,76930.0,153860,76930.0,153860
17403950,899,,899,,200.0,400,179800.0,359600,179800.0,359600
17404018,999,,999,,72.0,144,71928.0,143856,71928.0,143856
22143924,1099,45.0,1099,1054.0,6.0,12,6594.0,13188,6594.0,13188
14619398,1598,55.0,719,664.0,0.0,0,0.0,0,0.0,0
8901821,1999,,1999,,64.0,128,127936.0,255872,127936.0,255872
919032,899,,899,,641.0,1282,576259.0,1152518,576259.0,1152518
18817326,2799,40.0,2799,2759.0,58.0,116,162342.0,324684,162342.0,324684
8426447,1599,50.0,1599,1549.0,514.0,1028,821886.0,1643772,821886.0,1643772
20355284,999,53.0,999,946.0,74.0,148,73926.0,147852,73926.0,147852
18818696,1999,40.0,1999,1959.0,58.0,116,115942.0,231884,115942.0,231884
9213113,799,50.0,799,749.0,994.0,1988,794206.0,1588412,794206.0,1588412
13511732,3999,,3999,,167.0,334,667833.0,1335666,667833.0,1335666
13591994,999,60.0,999,939.0,2.0,4,1998.0,3996,1998.0,3996
21439050,599,30.0,599,569.0,9.0,18,5391.0,10782,5391.0,10782
13615634,1699,40.0,1699,1659.0,69.0,138,117231.0,234462,117231.0,234462
13620624,1399,73.0,1399,1326.0,154.0,308,215446.0,430892,215446.0,430892
13502414,1499,,1499,,327.0,654,490173.0,980346,490173.0,980346
13621134,1399,50.0,1399,1349.0,312.0,624,436488.0,872976,436488.0,872976
17686030,1499,30.0,1499,1469.0,23.0,46,34477.0,68954,34477.0,68954
13616400,899,25.0,674,649.0,13.0,26,11687.0,23374,8762.0,17524
13480864,1199,,1199,,13.0,26,15587.0,31174,15587.0,31174
13622338,899,55.0,404,349.0,54.0,108,48546.0,97092,21816.0,43632
16295686,1995,71.0,578,507.0,7.0,14,13965.0,27930,4046.0,8092
16298856,2998,59.0,1229,1170.0,0.0,0,0.0,0,0.0,0
16277914,1399,53.0,699,646.0,7.0,14,9793.0,19586,4893.0,9786
16292318,1399,60.0,549,489.0,17.0,34,23783.0,47566,9333.0,18666
19201678,699,58.0,293,235.0,103.0,206,71997.0,143994,30179.0,60358
16923916,835,25.0,835,810.0,13.0,26,10855.0,21710,10855.0,21710
10143909,1665,70.0,499,429.0,53.0,106,88245.0,176490,26447.0,52894
20085320,3998,80.0,799,719.0,12.0,24,47976.0,95952,9588.0,19176
10555034,1099,65.0,384,319.0,0.0,0,0.0,0,0.0,0
12987894,1799,80.0,359,279.0,5.0,10,8995.0,17990,1795.0,3590
12953958,999,40.0,599,559.0,409.0,818,408591.0,817182,244991.0,489982
22629260,799,40.0,479,439.0,7.0,14,5593.0,11186,3353.0,6706
19291812,1599,58.0,671,613.0,5.0,10,7995.0,15990,3355.0,6710
19206288,1199,50.0,599,549.0,21.0,42,25179.0,50358,12579.0,25158
19264534,999,61.0,389,328.0,102.0,204,101898.0,203796,39678.0,79356
19264536,1299,61.0,506,445.0,60.0,120,77940.0,155880,30360.0,60720
16287616,1299,51.0,636,585.0,346.0,692,449454.0,898908,220056.0,440112
16287462,1299,43.0,740,697.0,335.0,670,435165.0,870330,247900.0,495800
16293014,1199,43.0,683,640.0,514.0,1028,616286.0,1232572,351062.0,702124
16293018,1199,43.0,683,640.0,687.0,1374,823713.0,1647426,469221.0,938442
13721540,3500,84.0,560,476.0,8.0,16,28000.0,56000,4480.0,8960
17716590,4299,40.0,4299,4259.0,39.0,78,167661.0,335322,167661.0,335322
21112784,3999,40.0,2399,2359.0,0.0,0,0.0,0,0.0,0
9452773,1799,25.0,1799,1774.0,401.0,802,721399.0,1442798,721399.0,1442798
18864968,1999,65.0,1999,1934.0,21.0,42,41979.0,83958,41979.0,83958
9029979,2595,,2595,,8.0,16,20760.0,41520,20760.0,41520
16295388,4200,75.0,1050,975.0,10.0,20,42000.0,84000,10500.0,21000
16295382,4200,75.0,1050,975.0,0.0,0,0.0,0,0.0,0
17956822,9995,50.0,4997,4947.0,7.0,14,69965.0,139930,34979.0,69958
17981742,20832,50.0,10416,10366.0,11.0,22,229152.0,458304,114576.0,229152
17697474,1995,20.0,1596,1576.0,8.0,16,15960.0,31920,12768.0,25536
7349545,499,20.0,499,479.0,119.0,238,59381.0,118762,59381.0,118762
8076639,6250,60.0,6250,6190.0,563.0,1126,3518750.0,7037500,3518750.0,7037500
21948792,9709,72.0,9709,9637.0,7.0,14,67963.0,135926,67963.0,135926
9053317,2499,88.0,2499,2411.0,304.0,608,759696.0,1519392,759696.0,1519392
2466414,6950,53.0,3266,3213.0,940.0,1880,6533000.0,13066000,3070040.0,6140080
11791782,3595,10.0,3235,3225.0,29.0,58,104255.0,208510,93815.0,187630
19322504,1599,50.0,799,749.0,6.0,12,9594.0,19188,4794.0,9588
8481603,6250,70.0,6250,6180.0,149.0,298,931250.0,1862500,931250.0,1862500
13698258,11890,50.0,11890,11840.0,11.0,22,130790.0,261580,130790.0,261580
16896006,8900,45.0,8900,8855.0,22.0,44,195800.0,391600,195800.0,391600
1708108,7950,50.0,7950,7900.0,5.0,10,39750.0,79500,39750.0,79500
19280114,3295,20.0,2636,2616.0,17.0,34,56015.0,112030,44812.0,89624
18601682,699,31.0,699,668.0,161.0,322,112539.0,225078,112539.0,225078
