customer_id,customer_name,email,registration_date,customer_type
CUST0001,Aryan Maharaj,udantdewan@example.net,2023-12-19,REGULAR
CUST0002,Pahal Balay,chandertejas@example.org,2025-09-05,REGULAR
CUST0003,Rushil Saini,saumyamall@example.org,2024-03-17,REGULAR
CUST0004,Harini Mall,tanveernayar@example.org,2023-12-04,REGULAR
CUST0005,Gunbir Parmer,aishani07@example.net,2024-01-22,PREMIUM
CUST0006,Farhan Memon,rehaan10@example.net,2024-07-01,REGULAR
CUST0007,Fariq Kaul,raiarunima@example.com,2026-03-26,PREMIUM
CUST0008,Nicholas Prabhakar,shaurya41@example.net,2026-03-25,REGULAR
CUST0009,Yash Gade,rraghavan@example.net,2026-06-16,REGULAR
CUST0010,Ekta Bhalla,azadmutti@example.com,2024-08-31,REGULAR
CUST0011,Siddharth Murty,xalakrandhawa@example.net,2025-06-24,REGULAR
CUST0012,Alka Dewan,adyasangha@example.net,2025-03-24,REGULAR
CUST0013,Theodore Devi,wchand@example.org,2023-12-30,REGULAR
CUST0014,Nathaniel Sami,rajanlakshmi@example.net,2025-07-09,REGULAR
CUST0015,Advay Contractor,harini14@example.com,2024-03-14,REGULAR
CUST0016,Aarush Lall,yashicacherian@example.net,2024-10-18,REGULAR
CUST0017,Michael Prakash,aadinaik@example.com,2023-08-12,REGULAR
CUST0018,Janani Mohanty,dalbirkhosla@,2023-11-12,REGULAR
CUST0019,Vedika Biswas,kabirsoman@example.net,2024-03-25,PREMIUM
CUST0020,Pallavi Kakar,devikarastogi@example.net,2026-04-17,REGULAR
CUST0021,Raksha Varughese,pdara@example.org,2023-10-20,PREMIUM
CUST0022,Ansh Karpe,abhimanyubobal@example.net,2026-03-19,REGULAR
CUST0023,Veer Bir,narayananekavir@example.net,2024-07-16,REGULAR
CUST0024,Vedika Kala,urvashikibe@example.com,2025-04-05,REGULAR
CUST0025,Girindra Chatterjee,bpandya@example.com,2025-07-07,VIP
CUST0026,Guneet Bhat,znori@example.org,2024-08-02,REGULAR
CUST0027,Ranveer Yadav,bdey@example.org,2024-09-17,REGULAR
CUST0028,Zaid Borra,dchaudhari@example.net,2025-10-29,REGULAR
CUST0029,Girik Khalsa,niharikasunder@example.com,2024-06-09,PREMIUM
CUST0030,Daniel Gala,yagate@example.com,2025-06-18,REGULAR
CUST0031,Pallavi Sur,ranveerminhas@example.org,2023-10-11,PREMIUM
CUST0032,Dipta Bhandari,soodyadavi@example.net,2024-03-13,PREMIUM
CUST0033,Yashoda Buch,ekapadbir@example.net,2024-07-12,REGULAR
CUST0034,Jagdish Koshy,bumboni@example.net,2026-01-04,VIP
CUST0035,Advika Jayaraman,william46@example.org,2026-05-21,REGULAR
CUST0036,Tanvi Mutti,andratara@example.net,2025-12-03,REGULAR
CUST0037,Ethan Yogi,yashawinilanka@example.org,2025-01-05,PREMIUM
CUST0038,Yash Pingle,nakul78@example.net,2024-10-24,REGULAR
CUST0039,Chandani Chawla,aishanidalia@example.org,2025-11-18,PREMIUM
CUST0040,Anita Manda,hemaljani@example.net,2026-03-24,REGULAR
CUST0041,Yashasvi Suresh,charan16@example.com,2023-09-19,PREMIUM
CUST0042,Gauri De,neel78@example.net,2025-05-07,REGULAR
CUST0043,Isaac Borra,balendrapingle@example.net,2025-11-17,REGULAR
CUST0044,Qushi Datta,morarjanya@example.org,2025-01-18,REGULAR
CUST0045,Zaid Chauhan,niharika92@example.org,2024-03-21,REGULAR
CUST0046,Nitara Bakshi,gaurangisabharwal@example.net,2024-08-01,REGULAR
CUST0047,Nathaniel Chokshi,ebarad@example.org,2024-05-18,REGULAR
CUST0048,Inaya Mody,udantbajwa@example.net,2024-05-08,REGULAR
CUST0049,Falguni Mallick,mallickindali@example.net,2025-09-11,REGULAR
CUST0050,Garima Bala,lalpranav@example.net,2024-08-28,REGULAR
CUST0051,Ikbal Saraf,dipta69@example.net,2024-01-08,REGULAR
CUST0052,Ranveer Kumar,sarinaarav@example.net,2025-10-26,REGULAR
CUST0053,Januja Sankar,narayanandipta@example.net,2024-01-22,REGULAR
CUST0054,Yashica More,znarain@example.net,2024-10-14,VIP
CUST0055,Rehaan Salvi,nghosh@example.net,2024-10-22,REGULAR
CUST0056,Aadi Modi,shivansh69@example.net,2026-04-25,REGULAR
CUST0057,Udyati Sathe,gkala@example.com,2024-04-01,REGULAR
CUST0058,Bhanumati Varma,girik34@example.org,2024-05-17,PREMIUM
CUST0059,Aryan Batra,vaishnavibora@example.com,2025-04-16,REGULAR
CUST0060,Leena Talwar,jkohli@example.net,2026-06-15,REGULAR
CUST0061,Hredhaan Sandal,patrickvasa@example.com,2023-09-29,VIP
CUST0062,Jairaj Shan,ucchalwali@example.net,2026-01-23,REGULAR
CUST0063,Saanvi Thaman,ksehgal@example.net,2025-07-19,REGULAR
CUST0064,Aashi Kota,vedhika34@example.com,2023-11-10,REGULAR
CUST0065,Wahab Magar,ekaja81@example.org,2024-03-03,PREMIUM
CUST0066,Leela Dua,devanshsachdeva@example.com,2024-12-08,PREMIUM
CUST0067,Ojasvi Bhatia,osharamachandran@example.net,2026-06-27,REGULAR
CUST0068,Lajita Sood,pandeychanchal@example.com,2025-04-23,REGULAR
CUST0069,Vinaya Kanda,rajata70@example.com,2024-12-16,REGULAR
CUST0070,Noah Sibal,aviramesh@example.net,2025-12-05,REGULAR
CUST0071,Fiyaz Sangha,triyagopal@example.org,2024-08-20,REGULAR
CUST0072,Falak Kakar,vnarain@example.com,2024-09-17,VIP
CUST0073,Zayyan Bumb,vbahl@example.net,2023-10-01,PREMIUM
CUST0074,Udarsh Biswas,balasubramanianyug@example.org,2023-08-13,REGULAR
CUST0075,William Date,kcontractor@example.org,2025-07-04,REGULAR
CUST0076,Jyoti Ganesh,gadedeepa@example.org,2025-12-27,REGULAR
CUST0077,Devika Prashad,eissac@example.net,2026-06-19,VIP
CUST0078,Harsh Mitra,barmanidika@example.net,2025-05-08,REGULAR
CUST0079,Ekapad Toor,advik67@example.org,2025-05-16,REGULAR
CUST0080,Tripti Dua,ugoda@example.net,2026-04-18,REGULAR
CUST0081,Veda Shroff,uloyal@example.org,2023-11-24,REGULAR
CUST0082,Shravya Kohli,vraghavan@example.org,2025-08-18,REGULAR
CUST0083,Qabil Sura,ishakuruvilla@example.com,2024-09-19,REGULAR
CUST0084,Advaith Varughese,frederickkhurana@example.net,2025-04-04,PREMIUM
CUST0085,Wridesh Soni,ysem@example.org,2023-12-04,REGULAR
CUST0086,Timothy Ravel,daminipillay@example.com,2025-11-18,REGULAR
CUST0087,Pavani Narayanan,sudiksha44@example.com,2024-07-05,VIP
CUST0088,Reyansh Mutti,wasonqasimexample.org,2024-06-13,REGULAR
CUST0089,Aradhana Vohra,harish34@example.org,2025-01-23,REGULAR
CUST0090,Chasmum Atwal,anushabath@example.org,2025-11-18,REGULAR
CUST0091,Jonathan Swaminathan,arorabhavani@example.com,2025-07-25,REGULAR
CUST0092,Harini Gour,krishnanvanya@example.org,2023-10-22,REGULAR
CUST0093,Vyanjana Borah,doshimanthan@example.net,2024-10-26,PREMIUM
CUST0094,Yuvraj Dani,xkara@example.net,2025-02-22,REGULAR
CUST0095,Saanvi Mishra,kmody@example.net,2023-10-14,REGULAR
CUST0096,Sarthak Kakar,finn23@,2025-11-16,REGULAR
CUST0097,Naksh Agate,sseshadri@example.net,2025-07-11,VIP
CUST0098,Bachittar Kata,barkha71@example.net,2024-07-09,REGULAR
CUST0099,Rudra Sandal,karmanthan@example.com,2024-02-18,VIP
CUST0100,Darpan Gandhi,bhavya71@example.com,2026-06-16,PREMIUM
CUST0101,Neha Magar,fsarma@example.net,2023-09-12,REGULAR
CUST0102,Ekantika Krishna,chandveer@example.net,2025-12-22,PREMIUM
CUST0103,Amruta Baria,upmavenkataraman@example.net,2025-05-29,REGULAR
CUST0104,Pratyush Sarin,echand@example.com,2025-04-07,REGULAR
CUST0105,Ekani Cheema,forumsabharwal@example.net,2025-08-20,REGULAR
CUST0106,Nandini Bansal,uchakrabarti@example.com,2024-11-26,REGULAR
CUST0107,Netra Varkey,shereodika@example.org,2024-04-29,REGULAR
CUST0108,Wishi Sathe,janiamara@example.net,2024-02-01,REGULAR
CUST0109,Raksha Sundaram,balakrishnanwriddhish@example.net,2024-03-15,REGULAR
CUST0110,Akshay Reddy,karishaan@example.com,2024-01-11,VIP
CUST0111,Wishi Manne,ojasvi77@example.org,2025-06-21,PREMIUM
CUST0112,Leela Halder,ekarajmajumdar@example.com,2024-12-21,REGULAR
CUST0113,Aarnav Mandal,vrishti27@example.net,2025-08-03,REGULAR
CUST0114,Gaurangi Purohit,mnagy@example.net,2024-07-17,REGULAR
CUST0115,Vivaan Roy,nadkarniurvashi@example.net,2025-02-24,VIP
CUST0116,Max Tandon,dateyadavi@example.net,2024-12-09,PREMIUM
CUST0117,Ria Chaudhry,uaurora@example.org,2025-04-09,REGULAR
CUST0118,Falan Singh,hamsini96@example.net,2023-11-14,REGULAR
CUST0119,Lajita Nadig,nbanik@example.org,2024-07-11,REGULAR
CUST0120,Utkarsh Chana,wchaudhari@example.net,2026-07-10,REGULAR
CUST0121,Sachi Ganesan,ayush05@example.org,2024-10-10,PREMIUM
CUST0122,Kavya Sankar,yashwali@example.com,2025-12-08,REGULAR
CUST0123,Onkar Gill,rajawridesh@example.com,2026-01-03,PREMIUM
CUST0124,Vincent Shenoy,tripti40@example.com,2024-10-01,REGULAR
CUST0125,Ethan Sathe,chandani64@example.com,2024-10-24,REGULAR
CUST0126,Leena Subramanian,khalsalakshmi@example.net,2025-01-20,REGULAR
CUST0127,Chakrika Bains,amaharaj@example.net,2026-06-12,REGULAR
CUST0128,Watika Mangat,indirakanda@example.net,2024-05-03,VIP
CUST0129,Laksh Chatterjee,moreridhi@example.org,2025-12-29,PREMIUM
CUST0130,Karan Chana,eta62@example.org,2024-02-03,PREMIUM
CUST0131,Yachana Mahajan,aarinisubramaniam@example.com,2024-12-20,REGULAR
CUST0132,Upadhriti Borra,upkaarranganathan@example.net,2025-01-31,REGULAR
CUST0133,Megha Atwal,jatin75@example.net,2026-05-22,PREMIUM
CUST0134,Lakshmi Prabhu,kaururishilla@example.org,2026-03-01,VIP
CUST0135,Timothy Bhatnagar,pmittal@example.com,2024-01-10,REGULAR
CUST0136,Chakradev Barad,waida11@example.org,2025-10-25,REGULAR
CUST0137,Lipika Setty,oni92@example.com,2026-04-25,REGULAR
CUST0138,Vrishti Reddy,bachittar53@example.com,2025-06-02,PREMIUM
CUST0139,Janani Chaudhary,jagrati06@example.com,2024-05-02,PREMIUM
CUST0140,Suhani Chand,anshbedi@example.com,2024-07-25,REGULAR
CUST0141,Samesh Biswas,tarakkaul@example.com,2024-02-27,REGULAR
CUST0142,Aradhana Dhillon,zashilghosh@example.org,2026-05-04,REGULAR
CUST0143,Karan Aurora,wazir95@example.org,2024-04-08,REGULAR
CUST0144,Charles Date,hvora@example.net,2023-10-19,PREMIUM
CUST0145,Saumya Pathak,sethyahvi@example.org,2026-02-22,REGULAR
CUST0146,Charvi Shanker,bhatvarenya@example.com,2025-05-05,REGULAR
CUST0147,Vritti Sawhney,buchekanta@example.net,2024-02-28,REGULAR
CUST0148,Jonathan Maharaj,lakshmi98@example.com,2025-06-16,PREMIUM
CUST0149,Hardik Contractor,qushiseth@example.org,2025-04-15,REGULAR
CUST0150,Sudiksha Rastogi,uchandran@example.com,2024-11-09,REGULAR
CUST0151,Kavya Dua,fbhavsar@example.org,2023-12-04,VIP
CUST0152,Gopal Pradhan,darpannarayan@example.net,2024-01-18,REGULAR
CUST0153,Irya Sampath,manidevika@example.com,2023-12-20,REGULAR
CUST0154,Mohammed Subramaniam,hritikpalla@example.net,2025-02-02,REGULAR
CUST0155,Arya Kara,mbal@example.net,2026-06-24,REGULAR
CUST0156,Ayush Gole,dayamai55@example.org,2024-04-19,REGULAR
CUST0157,Nandini Boase,azaanchand@example.net,2025-10-14,REGULAR
CUST0158,Krisha Saini,kom@example.com,2024-11-08,REGULAR
CUST0159,Frado Ben,nakulbawa@example.net,2023-11-16,REGULAR
CUST0160,Saanvi Samra,asathe@example.com,2024-06-11,REGULAR
CUST0161,Hemani Sani,mandervidhi@example.net,2026-05-14,REGULAR
CUST0162,Chakradev Kannan,abhakta@example.org,2024-10-23,REGULAR
CUST0163,Laksh Kumer,falak10@example.com,2025-05-11,REGULAR
CUST0164,Kai Rai,xitipandya@example.org,2025-03-20,VIP
CUST0165,Rajata Bahl,ubrahmbhatt@example.net,2025-05-09,PREMIUM
CUST0166,Omisha Mann,ravelansh@example.com,2024-04-04,REGULAR
CUST0167,Janaki Chakrabarti,pcherian@example.com,2026-01-12,REGULAR
CUST0168,Farhan Randhawa,harinakshi35@example.org,2023-11-08,REGULAR
CUST0169,Yashvi Hari,indali23@example.org,2024-02-25,REGULAR
CUST0170,Rudra Ghose,faqidgoel@example.net,2025-08-18,REGULAR
CUST0171,Saumya Naidu,matthew71@example.com,2025-05-29,VIP
CUST0172,Anvi Bhalla,yashica14@example.com,2025-06-14,REGULAR
CUST0173,Dakshesh Pillay,faraj19@example.net,2025-09-07,REGULAR
CUST0174,Turvi Barman,uguha@example.net,2025-07-20,PREMIUM
CUST0175,David Seshadri,ozafrado@example.net,2026-04-11,PREMIUM
CUST0176,Balveer Kota,hsarna@example.net,2026-02-14,REGULAR
CUST0177,Januja Pradhan,lila65@example.net,2026-01-26,REGULAR
CUST0178,Gaurika Bhatti,girindra86@example.com,2024-08-07,REGULAR
CUST0179,Gauri Bumb,inayamukherjee@example.net,2026-07-02,REGULAR
CUST0180,Kai Chad,krisha52@example.net,2026-07-08,REGULAR
CUST0181,Pallavi Trivedi,andrew54@example.org,2024-06-09,PREMIUM
CUST0182,Vedika Handa,lakshdubey@example.org,2024-10-14,REGULAR
CUST0183,Yashica Zacharia,nayarkaran@example.net,2025-02-17,VIP
CUST0184,Nicholas Golla,rakshabassi@example.com,2025-01-28,REGULAR
CUST0185,Sachi Mane,ikaur@example.org,2024-11-04,REGULAR
CUST0186,Rishi Pillai,xshenoy@example.com,2025-02-25,REGULAR
CUST0187,Neel Iyengar,zashilben@example.net,2025-07-28,PREMIUM
CUST0188,Harshil Varty,manefiyaz@example.org,2024-09-08,REGULAR
CUST0189,Yochana Din,ochand@example.com,2025-01-06,REGULAR
CUST0190,Oeshi Bera,xthakkar@example.org,2025-03-03,REGULAR
CUST0191,Kavya Kapur,nagarhardik@example.net,2026-04-17,REGULAR
CUST0192,Madhav Devan,mangaturmi@example.net,2024-02-13,REGULAR
CUST0193,Saumya Ahluwalia,bahlaahana@example.org,2024-03-01,REGULAR
CUST0194,Indrajit Mani,charvidara@example.org,2024-07-17,VIP
CUST0195,Tanvi Bhatnagar,tataamol@example.net,2025-09-20,REGULAR
CUST0196,Maanas Manne,nagarwal@example.com,2024-07-20,PREMIUM
CUST0197,Rachit Chada,ekansh88@example.net,2025-09-08,REGULAR
CUST0198,Madhavi Singhal,ramkashvi@example.com,2023-08-07,REGULAR
CUST0199,Ekansh Pai,hemangnatarajan@example.org,2023-09-19,VIP
CUST0200,Hamsini Gill,osrinivas@example.org,2024-02-07,PREMIUM
CUST0201,Tanvi Bansal,saksham03@example.org,2024-11-14,VIP
CUST0202,Yutika Rao,ckulkarni@example.net,2024-05-04,VIP
CUST0203,Ishanvi Batta,anjali15@example.com,2025-03-25,PREMIUM
CUST0204,Libni Nori,watikatank@example.com,2025-09-26,REGULAR
CUST0205,Fitan Samra,sanipranit@example.net,2024-10-11,REGULAR
CUST0206,Harshil Buch,chakrika47@example.net,2025-05-04,REGULAR
CUST0207,Sachi Panchal,ubasak@example.com,2026-02-22,REGULAR
CUST0208,Anvi Bhandari,ravijanuja@example.net,2026-06-02,REGULAR
CUST0209,Azaan Dhar,ibanerjee@example.org,2024-07-13,REGULAR
CUST0210,Janaki Rajagopal,dubeshivani@example.com,2025-02-09,VIP
CUST0211,Faraj Devan,mitali54@example.org,2024-01-05,REGULAR
CUST0212,Quincy Tata,qdalal@example.com,2026-07-10,PREMIUM
CUST0213,Tanish Mangal,hiyengar@example.org,2023-11-05,REGULAR
CUST0214,Orinder Saxena,nagarajanidika@example.net,2023-10-21,REGULAR
CUST0215,Charita Dugar,janakitrivedi@example.org,2024-01-17,VIP
CUST0216,Liam Khalsa,xbal@example.net,2025-12-18,VIP
CUST0217,Unni Dayal,bhattidayamai@example.com,2025-07-25,REGULAR
CUST0218,Nimrat Borah,edhithaborah@example.com,2025-07-05,PREMIUM
CUST0219,Kabir Gopal,rachitathakkar@example.org,2024-01-21,REGULAR
CUST0220,Daksha Gala,ekantikakar@example.com,2025-09-26,REGULAR
CUST0221,Farhan Krishna,anvidass@example.net,2024-10-25,VIP
CUST0222,Yadavi Ganguly,onveernazareth@example.net,2023-09-14,REGULAR
CUST0223,Finn Bath,shivansh96@example.net,2026-03-31,REGULAR
CUST0224,Widisha Mann,vasudha36@example.com,2025-06-16,PREMIUM
CUST0225,Darpan Dugar,esagar@example.com,2024-05-24,REGULAR
CUST0226,Maanas Munshi,hemani62@example.com,2025-09-19,REGULAR
CUST0227,Eiravati Khurana,rdas@example.com,2024-08-01,REGULAR
CUST0228,Gunbir Bedi,leena96@example.org,2024-03-17,PREMIUM
CUST0229,Dhriti Gupta,wishivarma@example.com,2025-08-25,REGULAR
CUST0230,Widisha Bajaj,ramaswamyyashasvi@example.com,2024-07-20,VIP
CUST0231,Ira Bava,mandawarda@example.net,2026-04-24,REGULAR
CUST0232,Bhavika Yadav,chokshiraagini@example.org,2024-08-26,REGULAR
CUST0233,Neha Pau,rattancharan@example.net,2025-12-01,REGULAR
CUST0234,Janani Mani,rajuyamini@example.com,2025-11-13,REGULAR
CUST0235,Jagat Dave,rameshkashvi@example.com,2025-11-25,REGULAR
CUST0236,Maanas Issac,ctella@example.org,2023-09-11,REGULAR
CUST0237,Gauri Som,mdixit@example.net,2024-02-15,PREMIUM
CUST0238,Eiravati Gaba,lmistry@example.com,2025-09-08,REGULAR
CUST0239,Chandani Soman,pillaygarima@example.net,2023-12-30,REGULAR
CUST0240,Darika Bala,planka@example.net,2025-12-26,REGULAR
CUST0241,Charan Srinivasan,lajitadivan@example.net,2024-07-23,REGULAR
CUST0242,Imaran Halder,sastrydipta@example.com,2024-03-04,REGULAR
CUST0243,Samar Roy,tbhatia@example.org,2025-09-25,REGULAR
CUST0244,Ekta Sridhar,lmurthy@example.com,2025-10-18,VIP
CUST0245,Irya Lalla,phanda@example.com,2025-11-25,REGULAR
CUST0246,Umang Mishra,sarthak75@example.com,2025-01-04,PREMIUM
CUST0247,Bhavna Dara,wrana@,2024-10-06,REGULAR
CUST0248,Bhavna Brar,riya47@,2024-05-21,REGULAR
CUST0249,Anita Devan,khatrixavier@example.org,2026-05-18,REGULAR
CUST0250,Viraj Ben,sachdevganga@example.net,2025-07-15,REGULAR
CUST0251,Laksh Ahluwalia,niharikasoni@example.com,2026-04-18,REGULAR
CUST0252,Bhavna Nagi,daniel19@example.org,2025-10-21,PREMIUM
CUST0253,Parth Sahni,balhaarranganathan@example.com,2024-04-27,REGULAR
CUST0254,Baljiwan Andra,hredhaan54@example.com,2026-04-04,REGULAR
CUST0255,Krish Thaman,mmahajan@example.org,2024-12-07,VIP
CUST0256,Tara Kurian,akshaynazareth@example.com,2025-12-11,VIP
CUST0257,Parth Ravi,uvarma@example.org,2025-03-26,REGULAR
CUST0258,Qasim Dey,pnaik@example.org,2024-08-21,REGULAR
CUST0259,Warinder Sekhon,forum49@example.net,2025-12-18,REGULAR
CUST0260,Advika Parsa,daviddani@example.com,2024-10-31,VIP
CUST0261,Nidra Thakkar,jacob45@example.net,2024-06-20,PREMIUM
CUST0262,Kiaan Sridhar,suhaniprakash@example.com,2026-07-07,PREMIUM
CUST0263,Tejas Kota,vorasanya@example.net,2026-07-10,REGULAR
CUST0264,Faras Choudhury,tiwarisamaksh@example.net,2025-10-23,REGULAR
CUST0265,Nitesh Narang,rdada@example.org,2026-01-03,PREMIUM
CUST0266,Gavin Uppal,dbhakta@example.org,2025-09-17,PREMIUM
CUST0267,Tanmayi Bhardwaj,umorar@example.org,2025-03-19,REGULAR
CUST0268,Aarush Kamdar,bathpallavi@example.com,2026-07-05,VIP
CUST0269,Darpan Biswas,sbalay@example.com,2024-04-17,REGULAR
CUST0270,Osha Prasad,ysen@example.com,2023-11-14,REGULAR
CUST0271,Ijaya Dani,mayawadhwa@example.org,2024-06-22,PREMIUM
CUST0272,Arin Misra,isamra@example.com,2024-07-03,REGULAR
CUST0273,Triveni Pal,anyagulati@example.net,2024-01-04,REGULAR
CUST0274,Oni Babu,samuelbhavsar@example.org,2026-01-20,VIP
CUST0275,Sanya Bava,chaitanyaratti@example.com,2024-07-11,REGULAR
CUST0276,Daksh Dey,vivaan95@example.net,2026-01-26,REGULAR
CUST0277,Warjas Mittal,timothysachdev@example.com,2024-09-12,REGULAR
CUST0278,Parth Sane,wbatta@example.net,2026-05-20,REGULAR
CUST0279,Eiravati Saha,tdixit@example.com,2024-04-23,REGULAR
CUST0280,Wridesh Kar,maanas70@example.net,2025-04-14,REGULAR
CUST0281,Krish Rama,aadhyajani@example.com,2026-04-12,PREMIUM
CUST0282,Shivani Prabhakar,wasonrayaan@example.org,2024-09-02,REGULAR
CUST0283,Balveer Bora,teerthsrinivas@example.org,2024-12-11,REGULAR
CUST0284,Alexander Kakar,jacobsrinivas@example.org,2026-06-27,REGULAR
CUST0285,Mekhala Khatri,barkha67@example.net,2026-04-15,REGULAR
CUST0286,Darika Lal,yochana77@example.org,2025-07-11,VIP
CUST0287,Samar Prabhakar,odika09@example.org,2024-02-24,PREMIUM
CUST0288,Advika Sahni,michael35@example.org,2025-02-22,REGULAR
CUST0289,Xalak Nazareth,vrinda77@example.org,2025-01-10,REGULAR
CUST0290,Logan Suresh,danielviswanathan@example.org,2023-11-05,REGULAR
CUST0291,Abeer Sachar,vihaanbir@example.net,2024-03-03,REGULAR
CUST0292,Tejas Tiwari,dprakash@example.net,2026-03-29,PREMIUM
CUST0293,Vinaya Babu,walinisha@example.org,2023-08-07,REGULAR
CUST0294,Bhavini Badal,ggola@example.org,2025-10-04,REGULAR
CUST0295,Wridesh Handa,irya46@example.org,2025-02-11,PREMIUM
CUST0296,Tripti Kohli,charitabuch@example.net,2026-04-17,REGULAR
CUST0297,Girik Ravi,jpurohit@example.com,2023-10-08,REGULAR
CUST0298,Onveer Butala,psaraf@example.com,2025-12-08,REGULAR
CUST0299,Brijesh Karpe,vaishnavimadan@example.org,2023-11-05,REGULAR
CUST0300,Bachittar Gola,amol39@example.org,2025-03-22,PREMIUM
CUST0301,Chandani Gaba,lopazachariah@example.com,2025-02-28,VIP
CUST0302,Farhan Tella,chatresh16@,2023-11-08,REGULAR
CUST0303,Mekhala Narain,mahajanshravya@example.com,2024-07-01,PREMIUM
CUST0304,Keya Sankaran,lajitachada@example.net,2024-10-13,REGULAR
CUST0305,Ethan Butala,mitesh62@example.net,2025-03-09,REGULAR
CUST0306,Jalsa Chhabra,ahluwaliadarika@example.com,2025-01-22,REGULAR
CUST0307,Harsh Deo,groverraagini@example.com,2025-11-24,REGULAR
CUST0308,Harshil Bal,pandyagirik@example.net,2026-01-27,PREMIUM
CUST0309,Lekha Arora,odika61@example.net,2025-11-28,PREMIUM
CUST0310,Omkaar Rai,liamluthra@example.com,2024-09-01,PREMIUM
CUST0311,Madhav Bhatnagar,radhikamajumdar@example.com,2024-10-20,PREMIUM
CUST0312,Faraj Patel,yatin79@example.net,2024-05-11,REGULAR
CUST0313,Hredhaan Deshmukh,abeer65@example.net,2025-02-22,REGULAR
CUST0314,Ria Natt,tdeshpande@example.com,2026-02-04,REGULAR
CUST0315,Varenya Murthy,mitalinagar@example.com,2026-06-26,PREMIUM
CUST0316,Xavier Nanda,ymand@example.com,2025-01-30,PREMIUM
CUST0317,Ryan Gole,shenoyshaurya@example.com,2024-10-07,REGULAR
CUST0318,Nilima Tata,chavvikhurana@example.com,2026-05-01,REGULAR
CUST0319,Pallavi Purohit,senvarenya@example.net,2025-03-26,REGULAR
CUST0320,Balhaar Parsa,choprayuvraj@example.net,2026-05-10,VIP
CUST0321,Ojas Basu,ynarula@example.com,2023-12-24,PREMIUM
CUST0322,Guneet Kuruvilla,yashvivenkataraman@example.net,2025-12-30,VIP
CUST0323,Sanaya Prasad,xsheth@example.net,2026-01-12,PREMIUM
CUST0324,Hemani Bakshi,scheema@example.com,2023-11-23,PREMIUM
CUST0325,Lucky Pall,hemal73@example.net,2025-08-01,REGULAR
CUST0326,Vamakshi Chatterjee,usethi@example.org,2024-10-21,PREMIUM
CUST0327,Ishwar Bajaj,ikbal23@example.net,2024-04-09,REGULAR
CUST0328,Ganga Sandhu,zkata@example.com,2026-03-17,VIP
CUST0329,Quincy Sankaran,vbalakrishnan@example.net,2024-05-14,PREMIUM
CUST0330,Pushti Ramachandran,kalasamesh@example.com,2026-07-10,PREMIUM
CUST0331,Harsh Yadav,jasmitnanda@example.org,2025-06-22,PREMIUM
CUST0332,Adweta Suri,lipika96@example.net,2024-01-06,REGULAR
CUST0333,Indira Shankar,chamelichad@example.net,2024-02-06,PREMIUM
CUST0334,Jacob Khare,jackson25@example.net,2024-02-17,REGULAR
CUST0335,Omya Devi,lsampath@example.com,2026-03-26,PREMIUM
CUST0336,Ojas Suri,logan25@example.com,2026-03-01,PREMIUM
CUST0337,Jagrati Andra,mdeshpande@example.com,2025-12-01,REGULAR
CUST0338,Nilima Swamy,fsawhney@example.org,2023-11-18,PREMIUM
CUST0339,Thomas Master,maharajumang@example.net,2024-10-03,REGULAR
CUST0340,Tanvi Tandon,comaramrita@example.net,2025-02-01,REGULAR
CUST0341,Ridhi Kamdar,vchaudry@example.net,2024-07-31,PREMIUM
CUST0342,Bachittar Sengupta,ijaya17@example.org,2024-07-15,REGULAR
CUST0343,Indali Sangha,liamjhaveri@example.org,2023-10-13,REGULAR
CUST0344,Avni Yohannan,ekiyamaster@example.com,2025-12-18,REGULAR
CUST0345,Yoshita Chandran,nishabhargava@example.com,2026-04-26,REGULAR
CUST0346,Kevin Krish,ekantakota@example.net,2025-03-14,PREMIUM
CUST0347,Lucky Luthra,cprashad@example.org,2026-03-23,VIP
CUST0348,Neha Varma,jyoti77@example.com,2026-01-02,REGULAR
CUST0349,Girik Shanker,dev86@example.org,2025-05-10,REGULAR
CUST0350,Warda Loyal,bhanumati58@example.net,2024-01-31,REGULAR
CUST0351,Hemal Bava,chaudharytripti@example.org,2024-01-21,VIP
CUST0352,Ridhi Shan,sanghasamaksh@example.net,2024-02-02,REGULAR
CUST0353,Nathan Mahal,patelzashil@example.org,2025-02-09,VIP
CUST0354,Charles Randhawa,vivaan61@example.net,2023-12-07,REGULAR
CUST0355,Tanay Sood,deoupkaar@example.net,2026-06-03,VIP
CUST0356,Aditya Anand,jai62@example.com,2023-10-31,REGULAR
CUST0357,Leela Chakraborty,chauhandhriti@example.com,2024-10-19,VIP
CUST0358,Lavanya Deol,ekapadwali@example.net,2023-07-26,REGULAR
CUST0359,Ria Panchal,maxsabharwal@example.net,2026-06-13,REGULAR
CUST0360,Teerth Chadha,deyjatin@example.net,2025-02-28,REGULAR
CUST0361,Pushti Murty,yugmalhotra@example.net,2023-11-20,PREMIUM
CUST0362,Bhavani Bala,samesh89@example.net,2024-05-01,REGULAR
CUST0363,Chakrika Bhagat,wardaraju@example.org,2024-07-21,REGULAR
CUST0364,Ekavir Wable,pateledhitha@example.org,2025-03-04,REGULAR
CUST0365,Jasmit Gera,bbora@example.net,2023-10-25,REGULAR
CUST0366,Adweta Kale,bhasinmitali@example.net,2024-09-30,REGULAR
CUST0367,Pallavi Ratti,yadavmichael@example.com,2023-11-19,REGULAR
CUST0368,Farhan Vaidya,nachiketyadav@example.com,2025-03-10,PREMIUM
CUST0369,Dayita Sarkar,dalbirkonda@example.org,2025-05-17,REGULAR
CUST0370,Sudiksha Bhakta,parth10@example.net,2024-02-11,VIP
CUST0371,Nihal Taneja,zansi42@example.com,2024-01-26,REGULAR
CUST0372,Jacob Balan,pushti48@example.org,2024-08-24,PREMIUM
CUST0373,Watika Shah,christopher79@example.org,2025-02-03,PREMIUM
CUST0374,Aadhya Chauhan,kariyashodhara@example.org,2023-09-19,REGULAR
CUST0375,Yash Batra,ypatla@example.org,2024-04-16,REGULAR
CUST0376,Oni Kapur,yuvraj65@example.com,2023-11-10,REGULAR
CUST0377,Jagdish Thakkar,golaudant@example.net,2023-09-22,REGULAR
CUST0378,Ekapad Shroff,deepa51@example.net,2025-06-21,REGULAR
CUST0379,Jyoti Iyer,daksha93@example.com,2025-02-04,REGULAR
CUST0380,Rohan Korpal,abeerrout@example.org,2024-07-08,PREMIUM
CUST0381,Aditya Nayak,puridamyanti@example.org,2024-05-26,PREMIUM
CUST0382,Oni Swamy,dharati@example.org,2023-09-19,REGULAR
CUST0383,Zinal Sachar,tara19@example.org,2025-09-05,REGULAR
CUST0384,Meera Borde,sarankalpit@example.org,2024-10-08,REGULAR
CUST0385,Divya Ramaswamy,eesha74@example.org,2023-11-06,REGULAR
CUST0386,Laban Chopra,hiteshgala@example.com,2025-07-05,REGULAR
CUST0387,Niharika Dara,sarthak74@example.com,2024-08-27,REGULAR
CUST0388,Gautam Dugar,banjeet35@example.org,2023-12-01,REGULAR
CUST0389,Ishani Randhawa,mistryabha@example.org,2023-08-30,VIP
CUST0390,Sneha Krish,shereharsh@example.org,2024-01-17,REGULAR
CUST0391,David Kapadia,rudrarattan@example.com,2026-06-13,VIP
CUST0392,Aashi Borde,bhattacharyyarudra@example.net,2025-05-31,REGULAR
CUST0393,George Narula,basaktriya@example.org,2024-03-29,REGULAR
CUST0394,Megha Taneja,rajapooja@example.org,2025-01-12,REGULAR
CUST0395,Rachit Maharaj,sanaya20@example.net,2026-02-28,REGULAR
CUST0396,Chakrika Tara,dsrinivas@example.org,2024-09-19,REGULAR
CUST0397,Laksh Saini,zaidbahl@example.com,2025-01-20,REGULAR
CUST0398,Vedhika Padmanabhan,lipika42@example.org,2024-11-19,REGULAR
CUST0399,Ayushman Mand,sodhiishita@example.net,2024-07-08,REGULAR
CUST0400,Harish Kota,amairawalla@example.net,2023-10-07,REGULAR
CUST0401,Lipika Pant,patrickkhalsa@example.net,2024-11-18,REGULAR
CUST0402,Ayaan Pandey,raghavtailor@example.net,2024-11-04,REGULAR
CUST0403,Vritti Barad,bhallaviraj@example.net,2024-06-16,REGULAR
CUST0404,Vanya Acharya,saksham25@example.net,2024-04-13,VIP
CUST0405,Daniel Bains,luckychoudhry@example.net,2025-01-29,PREMIUM
CUST0406,Kashvi Randhawa,nayarchasmum@example.com,2024-02-09,REGULAR
CUST0407,Rajeshri Sur,owen89@example.com,2024-06-23,REGULAR
CUST0408,Kritika Mohanty,joshua20@example.net,2025-12-18,REGULAR
CUST0409,Bachittar Gopal,timothy91@example.com,2024-02-16,REGULAR
CUST0410,Faras Khanna,ekaja21@example.net,2026-05-18,REGULAR
CUST0411,Sanya Apte,shaurya31@example.com,2024-08-14,PREMIUM
CUST0412,Aarav Bava,usarma@example.com,2024-03-27,PREMIUM
CUST0413,Waida Radhakrishnan,keya17@example.net,2026-04-19,REGULAR
CUST0414,Nicholas Seth,bandichaitaly@example.org,2024-11-19,REGULAR
CUST0415,Henry Borah,onkar62@example.net,2023-11-06,REGULAR
CUST0416,Hamsini Subramanian,sankarnitesh@example.net,2025-05-17,REGULAR
CUST0417,Chatresh Chaudhuri,samesh36example.net,2025-11-19,REGULAR
CUST0418,Baghyawati Mishra,gopalbawa@example.com,2025-12-17,REGULAR
CUST0419,Mitesh Bhagat,aarush61@example.com,2026-05-06,PREMIUM
CUST0420,Ryan Chatterjee,jhaverionkar@example.net,2024-10-08,REGULAR
CUST0421,Urvashi D’Alia,mitali77@example.net,2024-08-27,REGULAR
CUST0422,Lila Goyal,lakshmi52@example.com,2023-09-20,REGULAR
CUST0423,Ria Shroff,upkaar49@example.org,2024-03-03,REGULAR
CUST0424,Frederick Padmanabhan,jkaran@example.org,2025-03-05,REGULAR
CUST0425,Vaishnavi Keer,fmistry@example.com,2023-09-04,REGULAR
CUST0426,Jai Sen,oliverkakar@example.org,2024-01-25,REGULAR
CUST0427,Pallavi Brar,ojaggi@example.org,2026-01-22,REGULAR
CUST0428,Ekaja Bhavsar,ramamekhala@example.net,2024-11-30,REGULAR
CUST0429,Zinal Shanker,virkoni@example.org,2025-04-16,PREMIUM
CUST0430,Manbir Chaudhry,chaudhuribhavika@example.net,2024-12-28,PREMIUM
CUST0431,Aishani Rajagopal,csolanki@example.org,2024-09-12,REGULAR
CUST0432,Maanas Ratti,randhawagarima@example.net,2024-07-16,REGULAR
CUST0433,Vaishnavi Luthra,anmol54@example.com,2024-09-20,REGULAR
CUST0434,Guneet Kari,charitasavant@example.com,2024-09-03,VIP
CUST0435,Gaurav Guha,akakar@example.net,2025-08-03,REGULAR
CUST0436,Daksh Varma,dominicmukhopadhyay@example.net,2025-09-07,REGULAR
CUST0437,Krishna Viswanathan,ghosereyansh@example.org,2023-10-10,REGULAR
CUST0438,Bachittar Shan,patelrushil@example.com,2025-02-04,PREMIUM
CUST0439,Yashasvi Ranganathan,balasubramanianwyatt@example.com,2025-08-10,REGULAR
CUST0440,Peter Som,hemangini24@example.net,2026-06-17,PREMIUM
CUST0441,Bhavani Bala,kbawa@example.net,2024-06-09,REGULAR
CUST0442,Umang Jhaveri,nimrat80@example.net,2023-07-26,VIP
CUST0443,Kevin Ghose,kapurzayyan@example.net,2024-10-29,REGULAR
CUST0444,Pallavi Puri,tripti43@example.com,2024-10-24,VIP
CUST0445,Harsh Amble,barkha41@example.com,2023-10-20,PREMIUM
CUST0446,Aradhana Nair,advika43@example.org,2025-09-23,REGULAR
CUST0447,Dakshesh Raval,logan07@example.com,2024-08-19,PREMIUM
CUST0448,Nidhi Rama,guptahemal@example.net,2024-06-22,REGULAR
CUST0449,Jagrati Tripathi,onkar82@example.com,2023-12-11,PREMIUM
CUST0450,Kabir Kuruvilla,gautamichakraborty@example.org,2025-01-14,REGULAR
CUST0451,Damyanti Salvi,kamya49@example.com,2025-07-02,PREMIUM
CUST0452,Upma Bera,sodhirobert@example.net,2024-01-15,PREMIUM
CUST0453,Chanchal Sachdev,doralaksh@example.org,2024-12-26,REGULAR
CUST0454,Tanvi Dhar,pranit17@example.com,2026-03-19,REGULAR
CUST0455,Dhriti Bhardwaj,sethanusha@example.org,2024-03-30,REGULAR
CUST0456,Vrishti Chakrabarti,radhasanghvi@example.com,2025-05-09,REGULAR
CUST0457,Leela Agrawal,wallaryan@example.net,2025-02-11,PREMIUM
CUST0458,Ekanta Wali,andrewagrawal@example.net,2024-08-02,REGULAR
CUST0459,Hemangini Muni,harshilrajagopal@,2026-01-12,REGULAR
CUST0460,Oliver Bhattacharyya,misrabina@example.com,2025-09-28,REGULAR
CUST0461,Radha Desai,vrishti53@example.org,2025-03-30,REGULAR
CUST0462,Vedant Kapur,siddharthbains@example.net,2025-09-03,REGULAR
CUST0463,Jatin Peri,prashadaadhya@example.net,2026-03-07,REGULAR
CUST0464,Chanakya Chokshi,bavajack@example.com,2025-06-02,REGULAR
CUST0465,Jatin Krishnan,ndua@example.net,2026-06-12,REGULAR
CUST0466,Charvi Salvi,venkateshanamika@example.net,2026-02-07,REGULAR
CUST0467,Omya Cheema,mandalishaan@example.org,2025-08-24,REGULAR
CUST0468,Ryan Lall,ishitarout@example.com,2024-03-18,REGULAR
CUST0469,Watika Johal,pnarayanan@example.org,2023-08-01,PREMIUM
CUST0470,Indrajit Tak,gautamvaidya@example.org,2023-12-17,REGULAR
CUST0471,Vihaan Shan,aishani70@example.org,2024-04-09,REGULAR
CUST0472,Bina Parsa,pooja11@example.org,2023-07-28,REGULAR
CUST0473,Onkar Narasimhan,raksha94@example.net,2023-12-04,REGULAR
CUST0474,Hema Goswami,rattanmugdha@example.com,2024-09-07,REGULAR
CUST0475,Vanya Sama,isaiahdeo@example.net,2023-10-12,REGULAR
CUST0476,Hemang Saha,lsarma@example.net,2025-02-21,VIP
CUST0477,Ayush De,hsura@example.com,2025-05-27,REGULAR
CUST0478,Dev Lal,advik89@example.net,2025-12-06,REGULAR
CUST0479,Hamsini Venkataraman,santyuvraj@example.com,2024-12-31,PREMIUM
CUST0480,Manthan Bhagat,dugaryashasvi@example.com,2025-08-21,PREMIUM
CUST0481,Falan Swamy,wridesh54@example.org,2025-09-07,REGULAR
CUST0482,Kritika Rau,farhansharaf@example.com,2025-12-19,REGULAR
CUST0483,Gaurang Tara,hmutti@example.com,2026-04-22,REGULAR
CUST0484,Harshil Raval,jbanik@example.net,2023-07-13,PREMIUM
CUST0485,Daksha Trivedi,tanmayiom@example.com,2023-10-05,PREMIUM
CUST0486,Suhani Narula,tpatla@example.com,2024-01-06,VIP
CUST0487,Tristan Agate,isha48@example.net,2025-02-12,REGULAR
CUST0488,Chakradev Gala,tdey@,2025-04-08,PREMIUM
CUST0489,Aachal Hayre,jairamaswamy@example.org,2025-06-21,REGULAR
CUST0490,Hamsini Chokshi,obatra@example.net,2026-01-12,REGULAR
CUST0491,Shravya Shankar,wishiagrawal@example.net,2023-09-26,REGULAR
CUST0492,Vasudha Trivedi,oscardave@example.org,2025-03-05,REGULAR
CUST0493,Yamini Rajagopalan,rkothari@example.com,2024-12-26,REGULAR
CUST0494,Sneha Deol,nitaravala@example.com,2026-07-06,REGULAR
CUST0495,Teerth Iyer,binapai@example.net,2024-02-04,REGULAR
CUST0496,Yahvi Naidu,pandeyvarsha@example.net,2025-12-15,REGULAR
CUST0497,Bhavika Sami,virkhredhaan@example.org,2025-02-23,REGULAR
CUST0498,Chatresh Bhalla,amaradyal@example.com,2026-06-08,REGULAR
CUST0499,Madhav Bhatia,samar80@example.com,2025-06-15,REGULAR
CUST0500,Udarsh Ramachandran,yastimani@example.net,2026-05-10,REGULAR
CUST0501,Lakshmi Ram,jmunshi@,2023-08-02,REGULAR
CUST0502,Samaksh Savant,jhalakhegde@example.net,2024-05-08,REGULAR
CUST0503,Saumya Goel,groveroscar@,2025-09-18,REGULAR
CUST0504,Krishna Baria,jmallick@example.com,2024-01-31,REGULAR
CUST0505,Aadhya Ahluwalia,unnati20@example.org,2024-11-25,REGULAR
CUST0506,Charvi Swaminathan,elijah58@example.org,2024-04-23,REGULAR
CUST0507,Yashasvi Dutta,zyadav@example.org,2025-01-05,REGULAR
CUST0508,Tanay Narula,jalsa43@example.net,2025-10-14,REGULAR
CUST0509,Aditya Contractor,sanaya39@example.net,2024-07-25,REGULAR
CUST0510,Ekani Raj,rajuaahana@example.net,2024-09-24,REGULAR
CUST0511,Zansi Prasad,csur@example.com,2026-04-20,REGULAR
CUST0512,Ekani Varkey,charoliver@example.net,2025-10-18,REGULAR
CUST0513,Dominic Kade,paninichawla@example.org,2025-10-25,PREMIUM
CUST0514,Ekbal Dube,sharafgarima@example.org,2023-11-25,REGULAR
CUST0515,Chatura Gokhale,ekavir93@example.com,2025-04-06,PREMIUM
CUST0516,Shravya Ravel,bmutti@example.com,2026-05-23,PREMIUM
CUST0517,Abeer Bhatnagar,boraishita@example.net,2023-12-24,REGULAR
CUST0518,Charvi Chadha,raksha66@example.net,2023-08-29,REGULAR
CUST0519,Naksh Walla,labanraman@example.net,2024-10-13,REGULAR
CUST0520,Chanchal Prakash,dhaliwaljatin@example.org,2023-07-20,REGULAR
CUST0521,Frederick Mody,hemanginikakar@example.com,2026-04-11,VIP
CUST0522,Naveen Gour,zayyanhari@example.org,2024-04-19,REGULAR
CUST0523,Triya Bora,ekalinga41@example.org,2025-12-30,REGULAR
CUST0524,Ganga Parikh,wahabchaudhry@example.com,2026-03-01,PREMIUM
CUST0525,Rishi Nadkarni,vseshadri@example.net,2026-05-02,REGULAR
CUST0526,Michael Patla,priya20@example.com,2024-07-29,PREMIUM
CUST0527,Rajata Malhotra,krish57@example.com,2025-06-03,VIP
CUST0528,Dalaja Sur,gillfinn@example.com,2024-02-15,REGULAR
CUST0529,Adya Bose,bahlyashica@example.net,2023-08-30,REGULAR
CUST0530,Simon Bansal,urmi25@example.com,2024-06-23,REGULAR
CUST0531,Krish Shetty,ranganathanjanuja@example.net,2023-07-29,REGULAR
CUST0532,Noah Varkey,sanayadutta@example.org,2025-12-08,REGULAR
CUST0533,Veda Parmer,kandavinaya@example.org,2023-10-18,REGULAR
CUST0534,Kala Kaur,jhaverizarna@example.com,2025-03-06,REGULAR
CUST0535,Suhani Batra,naikharshil@example.net,2025-09-29,REGULAR
CUST0536,Adya Ghosh,xradhakrishnan@example.net,2026-04-22,PREMIUM
CUST0537,Zansi Krishnamurthy,hkapoor@example.com,2025-01-11,REGULAR
CUST0538,Vidhi Subramaniam,thakerliam@example.com,2024-03-26,REGULAR
CUST0539,Faraj Varkey,siddharth22@example.org,2025-01-25,PREMIUM
CUST0540,Victor Sachdeva,ishaan77@example.com,2024-06-04,REGULAR
CUST0541,Nirja Bains,calebdatta@example.net,2026-01-18,PREMIUM
CUST0542,Krish Vala,dindaksh@example.org,2024-08-17,VIP
CUST0543,Zansi Ravi,manderfrederick@example.org,2025-06-09,REGULAR
CUST0544,Vasatika Garde,nirjadhar@example.net,2024-04-20,REGULAR
CUST0545,Oliver Oommen,obiswas@example.com,2025-03-02,REGULAR
CUST0546,Ikbal Babu,yaminisaini@example.org,2026-02-07,REGULAR
CUST0547,Peter Soni,waliyahvi@example.org,2023-12-04,VIP
CUST0548,Kalpit Zacharia,sankarosha@example.com,2023-09-18,REGULAR
CUST0549,Veer Subramaniam,lpalla@example.net,2026-06-29,PREMIUM
CUST0550,Pavani Desai,vansha31@example.com,2026-01-27,REGULAR
CUST0551,Aarini Gulati,amblejacob@example.net,2023-07-24,REGULAR
CUST0552,Samesh Mutti,gpathak@example.org,2025-05-04,REGULAR
CUST0553,Advika Wason,npau@example.com,2026-06-04,REGULAR
CUST0554,Samar Sachdev,xgola@example.net,2025-11-21,PREMIUM
CUST0555,Zehaan Mohanty,mitali21@example.net,2024-07-03,PREMIUM
CUST0556,Neel Chaudhry,yashodarattan@example.com,2025-11-14,REGULAR
CUST0557,Naveen Ramachandran,chandmaanav@example.com,2026-01-30,REGULAR
CUST0558,Gaurang Bhatt,tristan51@example.net,2023-09-09,VIP
CUST0559,Nandini Verma,dakshesh27@example.com,2023-07-29,PREMIUM
CUST0560,Zarna Mangal,bahadurjituppal@example.net,2026-07-02,REGULAR
CUST0561,Omkaar Banik,william02@example.org,2024-09-13,REGULAR
CUST0562,Ira Rana,hiyer@example.org,2026-07-10,REGULAR
CUST0563,Gautam Mane,idika43@example.net,2024-05-10,REGULAR
CUST0564,Netra Agrawal,parth68@example.org,2025-11-26,REGULAR
CUST0565,Yahvi Menon,jackson84@example.net,2025-12-22,PREMIUM
CUST0566,Saanvi Purohit,wkohli@example.com,2025-06-24,PREMIUM
CUST0567,Ayaan Subramaniam,kuruvillaekansh@example.com,2026-03-23,REGULAR
CUST0568,Victor Mutti,hpandit@example.net,2023-07-28,VIP
CUST0569,Yuvraj Mani,rastogihema@,2025-11-20,REGULAR
CUST0570,Vamakshi Murthy,tejas94@example.org,2026-06-08,PREMIUM
CUST0571,Wishi Iyengar,wyattlanka@example.org,2024-07-03,PREMIUM
CUST0572,Zaid Parekh,hredhaandar@example.org,2026-05-27,REGULAR
CUST0573,Abeer Basak,nprabhu@example.com,2025-08-15,PREMIUM
CUST0574,Vritti Goswami,mitali39@example.org,2023-10-05,VIP
CUST0575,Vanya Zachariah,thakkaridika@example.com,2026-06-13,REGULAR
CUST0576,Tanvi Dara,smutti@example.org,2023-07-31,PREMIUM
CUST0577,Ladli Chaudhuri,janaki94@example.org,2025-11-11,REGULAR
CUST0578,Warjas Luthra,xoza@example.org,2025-08-25,REGULAR
CUST0579,Shivansh Saini,janya64@example.com,2024-04-17,REGULAR
CUST0580,Veer Chaudhry,warinder86@example.com,2024-05-12,PREMIUM
CUST0581,Mason Solanki,godaoviya@example.com,2024-02-06,REGULAR
CUST0582,Vidhi Mital,champak61@example.net,2024-03-22,PREMIUM
CUST0583,Tanveer Kumar,cchar@example.net,2024-12-13,PREMIUM
CUST0584,Jalsa Parsa,hemangini06@example.org,2025-01-08,REGULAR
CUST0585,Owen Mane,ekta87@example.net,2025-06-06,PREMIUM
CUST0586,Lakshmi Mangat,kdhillon@example.net,2024-12-18,REGULAR
CUST0587,Nidhi Bora,edwinhemal@example.org,2024-11-10,REGULAR
CUST0588,Bishakha Loke,cmadan@example.com,2026-01-09,REGULAR
CUST0589,Odika Ganesh,arindass@example.net,2024-07-11,REGULAR
CUST0590,Fariq Kade,mekhalachauhan@example.org,2023-10-20,REGULAR
CUST0591,Chatura Bal,wviswanathan@example.org,2023-12-21,PREMIUM
CUST0592,Nachiket Chad,omore@example.org,2024-09-26,REGULAR
CUST0593,Jonathan Deep,ayushbanerjee@example.net,2025-01-17,REGULAR
CUST0594,Vamakshi Sibal,sai28@example.org,2026-01-15,PREMIUM
CUST0595,Radhika Viswanathan,idika78@example.org,2023-11-29,REGULAR
CUST0596,Darika Pau,jlad@example.com,2023-07-29,PREMIUM
CUST0597,Laban Padmanabhan,upasna80@example.net,2025-08-15,PREMIUM
CUST0598,Chandani Andra,mmaster@example.org,2023-07-24,REGULAR
CUST0599,Ranbir Sabharwal,prana@example.org,2026-04-11,REGULAR
CUST0600,Kritika Kannan,fariq63@example.net,2026-02-19,VIP
