order_id,customer_id,region,status,order_date
ORD00001,CUST0434,South,CANCELLED,31-03-2026 18:36:11
ORD00002,CUST0551,South,RETURNED,2026-01-02 12:00:23
ORD00003,CUST0171,West,DELIVERED,2025-12-26 06:56:07
ORD00004,CUST0144,South,DELIVERED,2025-02-08 16:14:54
ORD00005,CUST0462,North,DELIVERED,2025-02-18 15:04:35
ORD00006,CUST0010,West,SHIPPED,2025-11-28 04:25:50
ORD00007,CUST0200,West,RETURNED,2026-02-09 13:28:34
ORD00008,CUST0518,West,CANCELLED,2025-08-29 16:28:30
ORD00009,CUST0504,West,CANCELLED,2026-04-01 17:36:04
ORD00010,CUST0501,South,PLACED,2025-02-06 07:31:15
ORD00011,CUST0579,North,SHIPPED,29-05-2025 05:24:05
ORD00012,CUST0300,North,DELIVERED,2024-12-05 12:54:03
ORD00013,CUST0231,East,SHIPPED,2026-05-06 10:22:24
ORD00014,CUST0469,West,RETURNED,2024-09-03 16:34:33
ORD00015,CUST0524,North,RETURNED,2024-12-01 04:37:53
ORD00016,CUST0117,East,RETURNED,2024-10-26 15:10:18
ORD00017,CUST0376,North,CANCELLED,2025-02-22 10:45:46
ORD00018,CUST0560,South,CANCELLED,2024-10-06 05:30:24
ORD00019,CUST0105,South,DELIVERED,2025-11-19 04:51:21
ORD00020,CUST0034,West,DELIVERED,2025-07-01 04:31:27
ORD00021,CUST0357,North,CANCELLED,2025-11-04 07:37:34
ORD00022,CUST0121,South,SHIPPED,2025-06-29 04:30:29
ORD00023,CUST0360,West,SHIPPED,2025-02-08 21:15:47
ORD00024,CUST0143,South,SHIPPED,2026-01-07 14:04:15
ORD00025,CUST0061,East,RETURNED,2025-11-08 05:17:13
ORD00026,CUST0288,South,DELIVERED,2025-07-29 15:47:08
ORD00027,,East,RETURNED,2024-12-05 08:57:51
ORD00028,CUST0274,North,SHIPPED,2025-03-18 13:32:51
ORD00029,CUST0422,North,DELIVERED,2024-07-27 13:52:18
ORD00030,,South,SHIPPED,2024-11-07 16:35:02
ORD00031,CUST0150,East,SHIPPED,2024-08-20 01:31:26
ORD00032,CUST0403,West,SHIPPED,2025-09-01 00:53:34
ORD00033,CUST0592,East,CANCELLED,2024-07-29 16:51:53
ORD00034,CUST0385,West,PLACED,2024-12-03 22:26:35
ORD00035,CUST0096,West,RETURNED,2024-09-29 22:49:52
ORD00036,,East,CANCELLED,2025-02-16 15:18:41
ORD00037,CUST0500,East,RETURNED,2025-02-06 14:28:34
ORD00038,CUST0003,North,CANCELLED,2024-10-17 15:12:53
ORD00039,CUST0367,North,RETURNED,2026-01-19 00:32:02
ORD00040,CUST0408,South,CANCELLED,2025-06-18 00:59:37
ORD00041,CUST0217,West,DELIVERED,2026-01-28 06:34:24
ORD00042,CUST0331,East,DELIVERED,2024-07-18 21:15:02
ORD00043,CUST0561,South,RETURNED,2025-01-09 08:13:03
ORD00044,CUST0497,East,PLACED,2024-09-20 13:42:32
ORD00045,CUST0048,North,CANCELLED,2024-11-06 13:15:46
ORD00046,CUST0017,North,SHIPPED,2024-07-23 22:48:22
ORD00047,CUST0452,West,PLACED,2025-07-30 21:18:18
ORD00048,CUST0439,South,SHIPPED,2024-12-28 04:59:40
ORD00049,CUST0310,South,DELIVERED,2025-04-04 02:01:58
ORD00050,CUST0096,East,DELIVERED,2025-06-03 22:12:47
ORD00051,CUST0085,East,SHIPPED,2025-03-11 12:31:32
ORD00052,CUST0054,West,DELIVERED,2026-03-14 19:17:49
ORD00053,CUST0240,West,PLACED,2026-03-25 11:22:25
ORD00054,CUST0098,North,SHIPPED,2025-08-03 15:05:07
ORD00055,CUST0489,North,SHIPPED,2025-04-26 23:39:31
ORD00056,,West,PLACED,2025-07-07 16:01:12
ORD00057,CUST0009,East,PLACED,2026-01-04 20:07:17
ORD00058,CUST0433,South,CANCELLED,2026-03-19 05:32:28
ORD00059,CUST0073,South,CANCELLED,2024-08-06 03:56:17
ORD00060,CUST0092,North,PLACED,2025-03-26 00:35:46
ORD00061,CUST0321,East,DELIVERED,2024-09-12 19:46:55
ORD00062,CUST0141,West,SHIPPED,2026-04-28 17:09:28
ORD00063,CUST0147,North,RETURNED,2026-02-15 11:56:46
ORD00064,CUST0577,North,RETURNED,2024-11-02 23:35:23
ORD00065,CUST0169,West,DELIVERED,2024-08-25 00:56:44
ORD00066,,South,CANCELLED,2025-02-04 12:18:07
ORD00067,CUST0454,South,PLACED,2026-03-06 23:32:00
ORD00068,CUST0103,South,PLACED,2025-05-13 07:35:14
ORD00069,CUST0394,East,CANCELLED,2024-09-05 23:01:20
ORD00070,CUST0323,South,SHIPPED,2025-09-07 10:08:49
ORD00071,CUST0284,North,SHIPPED,2025-07-12 16:29:11
ORD00072,CUST0567,East,PLACED,2024-11-30 13:39:15
ORD00073,CUST0309,South,RETURNED,2024-12-08 19:02:21
ORD00074,CUST0522,South,CANCELLED,2026-06-08 05:21:15
ORD00075,CUST0303,North,SHIPPED,2026-04-27 03:44:40
ORD00076,CUST0507,West,PLACED,2025-01-22 18:08:03
ORD00077,CUST0247,West,RETURNED,2026-04-08 06:58:22
ORD00078,CUST0073,North,DELIVERED,2025-05-04 21:26:01
ORD00079,CUST0325,South,CANCELLED,2026-04-16 20:03:09
ORD00080,CUST0583,West,DELIVERED,2024-07-22 07:29:06
ORD00081,CUST0560,South,CANCELLED,2024-10-15 05:50:36
ORD00082,,North,RETURNED,2026-03-01 03:35:18
ORD00083,CUST0070,North,DELIVERED,2026-01-18 14:57:47
ORD00084,CUST0221,North,PLACED,2025-01-21 21:18:36
ORD00085,CUST0408,East,RETURNED,2025-05-07 09:28:04
ORD00086,,West,CANCELLED,2026-03-03 12:59:50
ORD00087,,South,DELIVERED,2025-06-21 13:42:20
ORD00088,CUST0086,East,PLACED,2025-01-20 11:45:08
ORD00089,CUST0524,South,SHIPPED,2026-02-05 10:31:48
ORD00090,CUST0550,East,CANCELLED,2024-08-07 12:59:32
ORD00091,CUST0068,East,CANCELLED,2024-12-14 05:17:50
ORD00092,CUST0245,North,SHIPPED,05-07-2025 10:53:43
ORD00093,CUST0089,West,PLACED,2026-02-03 15:43:31
ORD00094,CUST0465,North,DELIVERED,2026-03-03 08:43:18
ORD00095,CUST0180,North,PLACED,2024-09-23 11:51:44
ORD00096,CUST0141,North,SHIPPED,2025-08-21 07:03:09
ORD00097,CUST0509,East,RETURNED,2025-12-11 19:36:07
ORD00098,,East,SHIPPED,2024-12-21 10:03:05
ORD00099,CUST0381,South,DELIVERED,2025-07-14 18:25:20
ORD00100,CUST0121,North,DELIVERED,2025-05-10 18:05:34
ORD00101,CUST0440,East,RETURNED,2025-12-23 19:19:14
ORD00102,CUST0066,East,RETURNED,2025-03-11 22:27:19
ORD00103,CUST0079,West,CANCELLED,2026-07-09 16:37:56
ORD00104,CUST0524,East,PLACED,2025-03-20 10:38:58
ORD00105,CUST0512,South,DELIVERED,2024-11-12 17:02:48
ORD00106,,East,PLACED,2025-11-13 04:47:13
ORD00107,,North,SHIPPED,2026-01-29 03:38:18
ORD00108,CUST0522,North,PLACED,2024-08-14 06:43:03
ORD00109,CUST0013,South,PLACED,2026-02-10 22:59:15
ORD00110,CUST0484,East,CANCELLED,2026-07-10 15:06:28
ORD00111,CUST0154,South,PLACED,2025-09-12 09:13:40
ORD00112,CUST0567,West,SHIPPED,2025-08-21 03:05:04
ORD00113,CUST0330,South,CANCELLED,2024-10-15 09:11:53
ORD00114,CUST0328,East,PLACED,2025-01-25 06:24:25
ORD00115,CUST0586,East,PLACED,2025-07-21 07:05:06
ORD00116,CUST0515,North,SHIPPED,2025-11-20 11:11:27
ORD00117,CUST0229,North,CANCELLED,2025-03-01 14:35:41
ORD00118,CUST0071,West,DELIVERED,2024-12-13 20:47:32
ORD00119,CUST0319,East,PLACED,2025-04-18 11:09:18
ORD00120,CUST0567,West,PLACED,2026-06-01 20:52:45
ORD00121,CUST0378,South,DELIVERED,2024-08-21 23:17:48
ORD00122,CUST0578,East,RETURNED,2026-05-14 08:03:39
ORD00123,CUST0249,West,DELIVERED,2025-12-12 08:24:24
ORD00124,CUST0506,South,RETURNED,2024-12-28 16:10:56
ORD00125,CUST0252,South,PLACED,2024-10-08 05:27:15
ORD00126,CUST0420,North,SHIPPED,2025-01-11 19:02:14
ORD00127,CUST0555,East,PLACED,2025-11-16 02:35:36
ORD00128,CUST0344,North,CANCELLED,2025-06-14 17:40:30
ORD00129,CUST0315,North,SHIPPED,2025-03-21 13:41:06
ORD00130,,South,CANCELLED,2024-07-24 05:11:51
ORD00131,CUST0504,North,SHIPPED,2024-11-19 12:08:18
ORD00132,CUST0287,North,PLACED,2026-03-21 12:49:32
ORD00133,CUST0238,West,DELIVERED,2025-02-11 23:11:35
ORD00134,CUST0470,North,RETURNED,2025-10-09 15:51:17
ORD00135,,South,CANCELLED,2024-10-13 10:44:43
ORD00136,CUST0077,North,CANCELLED,2025-05-15 22:43:00
ORD00137,CUST0134,South,DELIVERED,2026-03-17 11:01:17
ORD00138,CUST0268,East,CANCELLED,2025-01-17 07:49:44
ORD00139,CUST0335,East,CANCELLED,19-07-2024 10:46:47
ORD00140,CUST0279,South,PLACED,2024-08-14 03:07:42
ORD00141,CUST0208,South,RETURNED,2025-10-06 20:22:33
ORD00142,CUST0112,South,PLACED,2026-03-13 01:21:08
ORD00143,CUST0169,West,CANCELLED,2025-12-31 00:51:17
ORD00144,CUST0322,West,PLACED,2025-07-16 16:00:10
ORD00145,CUST0549,East,SHIPPED,2025-12-29 05:08:35
ORD00146,CUST0463,East,CANCELLED,2025-10-18 14:31:04
ORD00147,CUST0272,North,PLACED,2024-11-09 21:34:28
ORD00148,CUST0162,East,RETURNED,2025-04-26 23:41:17
ORD00149,CUST0042,South,DELIVERED,2026-03-03 05:00:46
ORD00150,CUST0152,North,SHIPPED,2024-09-20 00:20:29
ORD00151,CUST0365,West,RETURNED,2025-01-21 16:50:03
ORD00152,CUST0051,East,DELIVERED,2024-11-12 00:01:39
ORD00153,CUST0179,North,CANCELLED,2025-08-04 19:29:05
ORD00154,CUST0464,South,PLACED,2024-09-21 12:09:49
ORD00155,CUST0474,North,SHIPPED,2025-12-27 07:15:00
ORD00156,CUST0125,North,PLACED,2025-11-05 00:41:28
ORD00157,CUST0228,South,SHIPPED,2025-04-01 08:57:37
ORD00158,CUST0411,East,PLACED,2026-07-05 12:35:39
ORD00159,CUST0597,East,PLACED,2026-02-22 11:32:34
ORD00160,,North,SHIPPED,10-11-2025 01:37:35
ORD00161,CUST0455,South,PLACED,2024-08-28 03:46:19
ORD00162,CUST0340,North,PLACED,2024-08-27 22:36:16
ORD00163,CUST0473,North,SHIPPED,2025-04-14 15:38:42
ORD00164,CUST0588,West,CANCELLED,2025-11-25 04:03:44
ORD00165,CUST0509,North,CANCELLED,2024-11-09 01:33:46
ORD00166,CUST0437,South,DELIVERED,2026-01-08 06:01:09
ORD00167,CUST0220,South,DELIVERED,2025-09-02 02:39:57
ORD00168,CUST0287,West,SHIPPED,2026-03-19 06:18:55
ORD00169,CUST0036,South,DELIVERED,2024-10-03 22:14:27
ORD00170,CUST0511,West,RETURNED,2024-10-18 05:54:32
ORD00171,,North,PLACED,2025-07-26 10:21:56
ORD00172,CUST0287,West,SHIPPED,2025-01-09 05:41:05
ORD00173,CUST0430,South,RETURNED,2025-03-15 12:46:06
ORD00174,CUST0256,North,CANCELLED,2025-09-19 04:43:18
ORD00175,,West,RETURNED,2026-03-17 00:10:23
ORD00176,CUST0497,East,RETURNED,2025-11-25 05:23:14
ORD00177,CUST0515,East,CANCELLED,2026-02-20 06:10:46
ORD00178,CUST0277,South,PLACED,2025-04-08 06:47:13
ORD00179,CUST0327,South,PLACED,2026-03-30 04:23:47
ORD00180,CUST0288,North,CANCELLED,2026-06-05 04:35:48
ORD00181,CUST0543,East,RETURNED,2025-06-18 06:37:41
ORD00182,CUST0239,South,PLACED,01-02-2026 23:56:44
ORD00183,CUST0254,South,DELIVERED,2024-12-09 09:26:57
ORD00184,CUST0547,North,SHIPPED,2024-07-29 02:21:39
ORD00185,CUST0590,West,DELIVERED,2025-12-29 20:51:58
ORD00186,CUST0178,South,SHIPPED,2025-05-01 22:26:19
ORD00187,CUST0326,East,RETURNED,2025-04-16 17:02:28
ORD00188,CUST0029,East,RETURNED,2026-01-26 04:05:39
ORD00189,CUST0578,South,RETURNED,2024-10-25 03:54:18
ORD00190,CUST0193,West,RETURNED,2025-01-23 05:37:54
ORD00191,CUST0317,South,CANCELLED,2026-06-10 12:36:31
ORD00192,CUST0039,North,PLACED,2024-08-12 04:26:06
ORD00193,CUST0239,South,PLACED,2025-07-24 11:00:09
ORD00194,CUST0540,West,PLACED,2026-01-12 08:46:41
ORD00195,CUST0340,South,SHIPPED,2025-06-17 07:54:23
ORD00196,CUST0349,South,DELIVERED,2025-09-19 17:17:33
ORD00197,CUST0061,North,SHIPPED,2025-02-26 10:11:36
ORD00198,CUST0146,North,RETURNED,2025-09-07 01:36:42
ORD00199,CUST0374,North,DELIVERED,2026-01-04 22:02:28
ORD00200,CUST0406,North,DELIVERED,2025-07-28 04:17:32
ORD00201,CUST0310,East,SHIPPED,2024-12-06 21:59:35
ORD00202,CUST0162,West,CANCELLED,2025-09-25 16:24:04
ORD00203,CUST0325,South,RETURNED,2024-12-04 11:17:22
ORD00204,CUST0366,South,RETURNED,2025-09-07 18:08:12
ORD00205,CUST0180,West,DELIVERED,2025-04-08 13:15:16
ORD00206,CUST0302,South,SHIPPED,2025-03-20 22:09:50
ORD00207,CUST0002,West,RETURNED,2026-02-01 09:17:08
ORD00208,CUST0034,South,RETURNED,2025-07-11 07:49:32
ORD00209,CUST0326,South,RETURNED,2025-02-11 08:44:06
ORD00210,CUST0107,West,SHIPPED,2026-05-17 10:42:15
ORD00211,CUST0340,North,SHIPPED,2026-04-19 05:47:41
ORD00212,CUST0356,East,SHIPPED,2025-10-20 12:31:05
ORD00213,CUST0091,East,CANCELLED,2026-06-22 19:20:46
ORD00214,CUST0012,East,SHIPPED,2026-05-11 22:19:56
ORD00215,CUST0256,North,DELIVERED,2025-09-16 05:19:23
ORD00216,,North,PLACED,2024-11-14 01:19:59
ORD00217,CUST0050,West,CANCELLED,2024-09-04 00:16:04
ORD00218,CUST0430,South,CANCELLED,2025-08-29 01:26:04
ORD00219,CUST0505,West,DELIVERED,2024-11-09 22:11:58
ORD00220,CUST0560,West,PLACED,2025-06-26 13:26:38
ORD00221,CUST0491,South,SHIPPED,2025-02-27 04:03:11
ORD00222,CUST0463,North,PLACED,2026-04-09 23:23:03
ORD00223,CUST0302,North,DELIVERED,2025-02-02 01:30:05
ORD00224,CUST0268,North,PLACED,2025-09-06 04:34:55
ORD00225,CUST0351,South,CANCELLED,2025-04-23 15:47:31
ORD00226,CUST0165,North,RETURNED,2025-06-30 04:57:39
ORD00227,CUST0096,East,RETURNED,2024-07-13 01:44:01
ORD00228,CUST0495,North,CANCELLED,2026-03-07 04:28:24
ORD00229,CUST0169,West,SHIPPED,2025-11-20 01:58:59
ORD00230,CUST0055,North,DELIVERED,2025-08-09 12:03:03
ORD00231,CUST0211,South,CANCELLED,2025-05-02 22:11:58
ORD00232,CUST0568,East,DELIVERED,2026-02-02 08:41:12
ORD00233,CUST0305,South,PLACED,03-12-2024 14:55:30
ORD00234,CUST0051,West,RETURNED,2026-05-29 07:22:03
ORD00235,,West,SHIPPED,2024-07-27 01:16:43
ORD00236,CUST0056,East,PLACED,2025-11-05 21:00:20
ORD00237,CUST0438,North,DELIVERED,2026-05-09 00:46:15
ORD00238,CUST0492,South,PLACED,2025-04-21 07:10:07
ORD00239,CUST0027,South,SHIPPED,2026-03-07 06:18:45
ORD00240,CUST0299,North,CANCELLED,2025-11-06 05:37:52
ORD00241,CUST0119,East,CANCELLED,2025-01-13 23:37:09
ORD00242,CUST0483,West,DELIVERED,2025-03-18 14:29:11
ORD00243,CUST0094,West,SHIPPED,2026-01-23 12:47:45
ORD00244,CUST0380,West,DELIVERED,2024-08-30 17:05:28
ORD00245,CUST0192,West,PLACED,2025-12-05 19:43:09
ORD00246,CUST0270,West,CANCELLED,2025-09-04 03:11:34
ORD00247,CUST0270,South,DELIVERED,2026-04-09 16:30:32
ORD00248,CUST0578,North,SHIPPED,2025-05-09 11:40:05
ORD00249,CUST0100,North,DELIVERED,2024-12-06 23:44:18
ORD00250,CUST0555,West,RETURNED,2025-08-23 13:41:01
ORD00251,CUST0233,North,CANCELLED,2025-12-25 04:32:13
ORD00252,CUST0536,West,RETURNED,2025-08-02 23:18:13
ORD00253,CUST0487,South,CANCELLED,2026-02-27 06:38:00
ORD00254,,North,CANCELLED,2025-09-13 20:25:13
ORD00255,CUST0036,South,PLACED,2024-11-09 05:32:05
ORD00256,CUST0460,South,SHIPPED,2025-10-31 16:11:42
ORD00257,CUST0217,South,SHIPPED,2025-02-17 10:13:26
ORD00258,CUST0044,West,PLACED,2025-03-20 02:00:57
ORD00259,CUST0446,South,SHIPPED,2025-05-26 19:37:31
ORD00260,CUST0265,East,PLACED,2025-11-22 07:37:49
ORD00261,CUST0090,West,RETURNED,2025-03-19 15:16:43
ORD00262,CUST0407,East,DELIVERED,2024-10-06 07:30:57
ORD00263,CUST0533,West,PLACED,2024-09-25 06:39:45
ORD00264,CUST0536,West,PLACED,2025-08-22 21:28:48
ORD00265,CUST0425,South,SHIPPED,2025-12-06 06:56:03
ORD00266,CUST0581,North,PLACED,2024-09-02 07:19:03
ORD00267,CUST0577,North,DELIVERED,15-08-2024 12:22:57
ORD00268,CUST0549,East,CANCELLED,2026-04-22 05:26:52
ORD00269,,West,CANCELLED,2026-07-10 22:09:56
ORD00270,CUST0586,West,PLACED,2024-10-21 07:28:58
ORD00271,CUST0177,East,CANCELLED,2024-11-28 06:23:01
ORD00272,CUST0148,West,PLACED,2026-05-21 23:24:03
ORD00273,CUST0406,East,SHIPPED,2024-08-05 19:18:01
ORD00274,CUST0051,West,DELIVERED,2024-12-16 11:20:29
ORD00275,CUST0382,North,DELIVERED,2024-10-03 15:58:05
ORD00276,CUST0311,East,DELIVERED,2025-07-24 12:16:23
ORD00277,CUST0504,North,SHIPPED,2024-12-08 08:18:30
ORD00278,CUST0138,East,CANCELLED,2024-09-27 05:12:56
ORD00279,CUST0329,East,CANCELLED,06-08-2024 05:25:47
ORD00280,CUST0092,South,CANCELLED,2025-09-29 00:45:13
ORD00281,CUST0217,West,CANCELLED,2025-11-22 23:26:00
ORD00282,CUST0529,East,PLACED,2026-04-23 02:04:06
ORD00283,CUST0528,South,PLACED,2025-05-10 08:19:20
ORD00284,CUST0319,West,SHIPPED,2025-12-05 12:51:23
ORD00285,CUST0537,North,SHIPPED,2025-07-28 00:53:34
ORD00286,CUST0198,South,PLACED,2025-08-24 22:20:09
ORD00287,CUST0256,North,CANCELLED,2025-11-09 03:58:05
ORD00288,CUST0052,East,SHIPPED,2026-01-08 05:45:22
ORD00289,CUST0281,East,CANCELLED,2025-10-14 00:19:18
ORD00290,CUST0518,West,PLACED,2025-01-27 07:21:19
ORD00291,,South,DELIVERED,2024-08-19 15:20:15
ORD00292,CUST0501,West,SHIPPED,2025-04-23 01:38:57
ORD00293,CUST0486,East,DELIVERED,2024-12-30 22:53:10
ORD00294,CUST0168,East,PLACED,2025-10-26 04:06:34
ORD00295,CUST0292,North,CANCELLED,2026-01-21 01:55:10
ORD00296,CUST0051,South,RETURNED,2024-09-05 13:30:06
ORD00297,CUST0220,South,SHIPPED,2024-07-22 16:15:28
ORD00298,CUST0212,East,CANCELLED,2026-07-05 00:42:20
ORD00299,CUST0526,North,PLACED,2026-06-27 21:39:21
ORD00300,CUST0486,South,SHIPPED,2024-12-21 15:28:31
ORD00301,CUST0009,South,DELIVERED,2025-12-03 20:22:09
ORD00302,CUST0313,East,CANCELLED,2025-07-29 04:46:39
ORD00303,CUST0386,East,CANCELLED,2026-07-03 15:00:53
ORD00304,CUST0259,South,CANCELLED,2026-06-03 14:46:49
ORD00305,CUST0310,West,RETURNED,2026-04-19 19:22:04
ORD00306,CUST0105,North,RETURNED,2024-09-12 14:49:05
ORD00307,CUST0384,East,DELIVERED,2025-07-11 01:34:12
ORD00308,CUST0111,West,PLACED,2026-03-26 16:24:33
ORD00309,CUST0345,East,DELIVERED,2025-11-20 18:35:10
ORD00310,CUST0284,East,DELIVERED,2024-08-28 15:50:55
ORD00311,CUST0193,South,RETURNED,18-04-2025 20:27:52
ORD00312,CUST0247,North,RETURNED,2025-09-18 22:33:35
ORD00313,CUST0414,East,SHIPPED,2026-02-09 23:44:21
ORD00314,CUST0027,West,DELIVERED,2026-07-11 06:26:54
ORD00315,CUST0266,West,CANCELLED,2026-06-04 03:08:41
ORD00316,CUST0398,North,RETURNED,31-05-2025 14:14:41
ORD00317,,South,DELIVERED,2026-04-12 00:00:00
ORD00318,CUST0228,West,DELIVERED,25-04-2025 04:15:12
ORD00319,CUST0520,East,SHIPPED,2026-03-21 10:12:01
ORD00320,CUST0572,South,DELIVERED,2026-01-13 18:28:41
ORD00321,CUST0100,West,SHIPPED,2024-08-26 19:06:23
ORD00322,CUST0265,South,DELIVERED,2026-04-13 06:07:58
ORD00323,CUST0092,South,DELIVERED,2025-11-03 16:47:09
ORD00324,CUST0229,East,CANCELLED,2025-02-03 23:28:40
ORD00325,CUST0340,East,DELIVERED,2025-08-27 09:58:42
ORD00326,CUST0600,East,CANCELLED,2024-08-13 02:08:41
ORD00327,CUST0121,West,PLACED,2026-02-02 20:39:56
ORD00328,CUST0598,North,CANCELLED,2024-09-05 04:26:42
ORD00329,CUST0200,North,CANCELLED,2026-04-21 15:42:42
ORD00330,CUST0543,East,CANCELLED,2025-03-05 13:30:24
ORD00331,CUST0056,South,SHIPPED,2024-09-11 01:08:09
ORD00332,CUST0206,East,CANCELLED,2024-12-27 04:59:02
ORD00333,CUST0584,West,SHIPPED,2025-08-20 00:13:21
ORD00334,,South,PLACED,2024-09-25 22:44:57
ORD00335,CUST0500,East,SHIPPED,2024-09-29 03:17:17
ORD00336,CUST0321,North,PLACED,2026-01-26 18:29:59
ORD00337,CUST0463,East,SHIPPED,2025-01-07 22:48:10
ORD00338,CUST0173,South,CANCELLED,2025-08-29 11:11:44
ORD00339,CUST0091,South,RETURNED,2025-05-07 19:24:26
ORD00340,CUST0445,West,CANCELLED,2024-12-06 16:06:48
ORD00341,CUST0440,West,CANCELLED,2024-12-09 12:19:21
ORD00342,CUST0005,North,RETURNED,2025-08-25 05:14:43
ORD00343,CUST0205,East,PLACED,2025-12-04 17:22:51
ORD00344,CUST0330,South,PLACED,2025-01-21 17:35:39
ORD00345,CUST0005,South,SHIPPED,2025-09-28 06:24:04
ORD00346,CUST0353,East,SHIPPED,2025-11-10 05:13:08
ORD00347,CUST0106,West,RETURNED,2024-11-28 11:12:49
ORD00348,CUST0314,South,PLACED,2025-09-19 06:05:00
ORD00349,CUST0047,East,DELIVERED,2026-02-14 10:18:37
ORD00350,CUST0467,East,CANCELLED,2025-09-19 00:49:44
ORD00351,CUST0138,East,CANCELLED,2025-05-30 23:55:01
ORD00352,CUST0368,South,SHIPPED,2026-02-12 00:47:00
ORD00353,CUST0414,North,SHIPPED,2024-10-02 11:14:31
ORD00354,CUST0230,South,SHIPPED,2026-02-27 16:52:24
ORD00355,CUST0023,South,PLACED,2025-11-20 13:08:06
ORD00356,CUST0376,North,CANCELLED,03-10-2025 08:14:27
ORD00357,CUST0262,North,RETURNED,2025-04-16 13:14:09
ORD00358,CUST0050,North,PLACED,2025-12-18 09:46:04
ORD00359,CUST0050,North,CANCELLED,2025-07-03 19:29:12
ORD00360,CUST0455,West,PLACED,2026-01-09 04:48:15
ORD00361,CUST0561,East,CANCELLED,2025-12-11 05:19:53
ORD00362,CUST0157,South,PLACED,2025-06-09 05:34:12
ORD00363,CUST0309,West,PLACED,2026-05-29 05:20:52
ORD00364,CUST0533,East,RETURNED,2024-10-01 08:55:28
ORD00365,CUST0141,West,PLACED,2024-11-19 01:51:58
ORD00366,,North,DELIVERED,2026-03-20 00:52:12
ORD00367,CUST0117,North,CANCELLED,2024-11-29 15:09:01
ORD00368,CUST0204,South,DELIVERED,2025-09-12 16:24:52
ORD00369,CUST0536,South,DELIVERED,2025-05-20 09:53:00
ORD00370,CUST0420,East,SHIPPED,2025-08-08 12:28:14
ORD00371,CUST0041,West,SHIPPED,2025-03-31 16:00:40
ORD00372,CUST0493,East,SHIPPED,2025-12-05 05:35:52
ORD00373,CUST0003,North,PLACED,2024-11-12 08:56:17
ORD00374,CUST0114,West,SHIPPED,2025-08-31 04:56:29
ORD00375,CUST0093,North,PLACED,21-10-2025 11:33:18
ORD00376,CUST0263,South,CANCELLED,2025-06-21 14:39:38
ORD00377,CUST0304,East,CANCELLED,2026-07-07 14:23:19
ORD00378,CUST0052,North,SHIPPED,2025-04-12 04:06:43
ORD00379,CUST0041,East,DELIVERED,2026-06-13 11:51:16
ORD00380,CUST0321,West,PLACED,2025-03-14 07:13:48
ORD00381,CUST0098,North,PLACED,2025-09-12 18:34:28
ORD00382,CUST0142,South,DELIVERED,2025-03-21 16:18:23
ORD00383,CUST0367,West,RETURNED,2026-04-29 17:32:08
ORD00384,CUST0275,North,DELIVERED,2025-04-27 05:40:09
ORD00385,CUST0351,South,PLACED,2025-05-28 18:57:04
ORD00386,CUST0411,West,CANCELLED,2026-02-26 01:44:39
ORD00387,CUST0279,West,CANCELLED,2025-11-16 08:46:47
ORD00388,CUST0432,South,PLACED,2025-06-11 23:03:31
ORD00389,CUST0136,North,SHIPPED,2026-04-15 04:57:36
ORD00390,CUST0107,West,RETURNED,2026-01-27 07:28:10
ORD00391,CUST0495,West,SHIPPED,2025-03-20 17:52:38
ORD00392,CUST0389,East,RETURNED,2025-10-28 01:57:45
ORD00393,CUST0030,South,CANCELLED,2025-01-15 11:42:32
ORD00394,CUST0500,North,CANCELLED,2025-09-22 22:05:36
ORD00395,CUST0452,North,PLACED,2025-09-09 07:31:32
ORD00396,CUST0268,East,PLACED,2024-12-25 16:13:29
ORD00397,CUST0538,South,DELIVERED,2025-04-29 19:59:51
ORD00398,CUST0532,North,CANCELLED,2026-02-27 06:09:03
ORD00399,CUST0255,West,DELIVERED,2025-09-12 21:30:29
ORD00400,,South,RETURNED,2026-07-01 20:56:42
ORD00401,CUST0056,North,SHIPPED,2026-02-10 20:15:42
ORD00402,CUST0518,West,CANCELLED,2025-01-25 20:52:47
ORD00403,CUST0170,North,CANCELLED,2025-04-18 03:21:39
ORD00404,CUST0329,South,DELIVERED,2025-06-28 21:43:38
ORD00405,CUST0285,North,RETURNED,2025-06-25 02:18:57
ORD00406,CUST0229,West,CANCELLED,2025-05-16 22:37:11
ORD00407,,North,CANCELLED,2024-07-12 15:57:43
ORD00408,CUST0455,West,PLACED,2026-01-27 15:46:34
ORD00409,CUST0511,West,DELIVERED,2024-08-08 10:28:42
ORD00410,CUST0122,West,PLACED,2025-02-18 11:26:50
ORD00411,CUST0106,West,CANCELLED,2025-10-18 06:08:21
ORD00412,CUST0037,North,PLACED,2024-07-25 04:12:53
ORD00413,CUST0312,South,CANCELLED,2025-08-18 13:15:11
ORD00414,CUST0350,East,PLACED,2024-10-25 10:29:43
ORD00415,CUST0229,West,DELIVERED,2026-06-04 01:10:04
ORD00416,CUST0574,West,DELIVERED,2025-03-03 23:03:05
ORD00417,CUST0464,North,PLACED,2024-07-17 14:46:01
ORD00418,CUST0228,North,DELIVERED,2025-03-02 18:56:45
ORD00419,CUST0364,East,RETURNED,2024-12-31 20:34:59
ORD00420,CUST0535,East,PLACED,2024-12-26 08:54:09
ORD00421,CUST0047,South,CANCELLED,2026-05-08 04:06:00
ORD00422,CUST0144,West,PLACED,2025-03-14 02:33:50
ORD00423,CUST0261,South,SHIPPED,29-07-2024 08:51:29
ORD00424,CUST0124,West,SHIPPED,2026-03-03 18:32:51
ORD00425,CUST0469,South,DELIVERED,2026-04-11 22:23:09
ORD00426,CUST0111,West,PLACED,2025-12-30 05:36:45
ORD00427,CUST0127,West,CANCELLED,2026-04-12 05:47:47
ORD00428,CUST0517,South,CANCELLED,2025-02-11 20:31:44
ORD00429,CUST0005,North,RETURNED,2026-06-26 09:48:22
ORD00430,CUST0444,West,RETURNED,2025-09-15 13:20:40
ORD00431,CUST0182,South,SHIPPED,2025-08-13 15:06:23
ORD00432,CUST0107,West,RETURNED,2025-09-17 14:55:45
ORD00433,CUST0330,West,CANCELLED,2025-09-28 18:20:29
ORD00434,CUST0255,East,CANCELLED,2026-07-01 16:45:38
ORD00435,CUST0352,East,CANCELLED,2025-09-29 11:55:55
ORD00436,CUST0137,South,CANCELLED,2024-11-09 16:24:28
ORD00437,CUST0525,East,RETURNED,2024-09-23 17:57:17
ORD00438,CUST0322,South,SHIPPED,2024-08-10 19:46:15
ORD00439,CUST0215,East,DELIVERED,2025-07-05 02:13:49
ORD00440,CUST0136,South,RETURNED,2025-04-14 18:13:08
ORD00441,CUST0556,East,PLACED,2024-11-10 18:21:45
ORD00442,CUST0361,West,RETURNED,2024-10-28 00:25:51
ORD00443,CUST0585,West,RETURNED,2025-02-03 08:03:10
ORD00444,CUST0293,West,PLACED,2025-04-23 15:14:10
ORD00445,CUST0536,North,PLACED,2026-06-03 12:08:01
ORD00446,CUST0391,South,PLACED,07-10-2025 16:29:03
ORD00447,CUST0058,South,DELIVERED,2025-01-22 13:59:08
ORD00448,CUST0165,East,DELIVERED,2025-01-09 11:38:27
ORD00449,CUST0150,North,DELIVERED,2025-01-27 13:02:47
ORD00450,CUST0209,North,DELIVERED,2026-04-03 11:50:05
ORD00451,CUST0464,North,RETURNED,2025-03-02 18:21:30
ORD00452,CUST0576,South,RETURNED,2024-09-21 21:33:03
ORD00453,CUST0399,South,RETURNED,28-09-2025 14:58:00
ORD00454,,North,CANCELLED,2025-05-19 01:05:41
ORD00455,CUST0397,West,DELIVERED,2025-09-27 12:27:16
ORD00456,CUST0566,North,PLACED,25-06-2026 10:52:20
ORD00457,CUST0258,South,RETURNED,2024-12-28 09:38:23
ORD00458,CUST0454,South,DELIVERED,2026-02-02 20:01:29
ORD00459,CUST0560,South,SHIPPED,2024-09-10 11:27:24
ORD00460,CUST0302,West,SHIPPED,2026-01-25 12:50:02
ORD00461,CUST0077,South,SHIPPED,2025-03-21 17:00:49
ORD00462,CUST0527,North,CANCELLED,2026-03-20 09:07:14
ORD00463,CUST0042,West,DELIVERED,2025-07-22 07:23:08
ORD00464,CUST0570,East,SHIPPED,2024-11-23 19:27:04
ORD00465,CUST0165,East,PLACED,2025-07-26 18:26:49
ORD00466,CUST0339,West,SHIPPED,2026-04-14 20:34:35
ORD00467,CUST0041,South,DELIVERED,2026-06-10 19:20:20
ORD00468,CUST0053,East,CANCELLED,30-12-2025 03:17:58
ORD00469,CUST0587,East,PLACED,2026-01-09 10:20:58
ORD00470,CUST0326,South,SHIPPED,2025-10-03 02:04:00
ORD00471,CUST0534,North,RETURNED,2026-04-10 01:11:13
ORD00472,CUST0164,West,RETURNED,2026-06-17 12:14:34
ORD00473,CUST0550,West,PLACED,2024-09-24 14:01:48
ORD00474,CUST0358,South,SHIPPED,2025-10-17 20:13:44
ORD00475,CUST0340,East,DELIVERED,2025-11-23 08:48:33
ORD00476,CUST0301,South,RETURNED,2025-03-02 20:03:05
ORD00477,CUST0544,West,RETURNED,2024-08-10 12:58:20
ORD00478,CUST0010,North,DELIVERED,2026-01-31 03:12:58
ORD00479,CUST0457,South,RETURNED,01-04-2026 08:53:12
ORD00480,CUST0250,North,DELIVERED,2025-10-03 03:01:19
ORD00481,CUST0391,North,CANCELLED,2025-05-04 20:51:01
ORD00482,CUST0263,East,PLACED,2024-09-11 11:14:23
ORD00483,CUST0530,East,RETURNED,2026-03-10 10:50:30
ORD00484,CUST0521,West,CANCELLED,2024-08-24 22:47:24
ORD00485,,East,SHIPPED,2026-06-28 13:14:43
ORD00486,CUST0329,North,PLACED,2026-03-03 06:57:39
ORD00487,CUST0172,North,PLACED,2025-03-29 05:47:24
ORD00488,CUST0216,South,CANCELLED,08-04-2025 18:12:15
ORD00489,CUST0107,South,RETURNED,2026-05-26 20:50:10
ORD00490,CUST0446,North,SHIPPED,2026-04-08 04:56:26
ORD00491,CUST0025,West,DELIVERED,2025-06-14 20:20:09
ORD00492,CUST0039,North,PLACED,2025-06-01 00:50:33
ORD00493,CUST0056,South,DELIVERED,2026-07-05 01:21:32
ORD00494,CUST0572,North,RETURNED,17-05-2026 13:51:34
ORD00495,CUST0234,East,CANCELLED,2024-10-14 03:21:12
ORD00496,CUST0398,West,CANCELLED,2026-05-19 02:18:39
ORD00497,CUST0444,East,PLACED,2026-03-02 21:25:36
ORD00498,CUST0399,North,RETURNED,2025-01-04 14:38:20
ORD00499,CUST0007,North,RETURNED,2026-02-13 06:03:20
ORD00500,CUST0047,North,DELIVERED,2025-12-01 13:00:04
ORD00501,CUST0515,North,DELIVERED,2026-05-03 07:44:09
ORD00502,CUST0309,North,DELIVERED,2025-10-23 08:01:53
ORD00503,CUST0449,West,CANCELLED,2026-07-03 19:39:54
ORD00504,CUST0032,West,SHIPPED,2024-07-21 09:28:03
ORD00505,CUST0547,South,SHIPPED,2025-11-16 20:49:38
ORD00506,CUST0401,East,SHIPPED,2026-03-08 08:26:55
ORD00507,CUST0306,East,PLACED,2025-11-15 13:15:30
ORD00508,CUST0567,South,PLACED,2025-05-05 14:23:20
ORD00509,CUST0043,North,RETURNED,2024-08-23 13:20:00
ORD00510,CUST0404,North,DELIVERED,2025-03-06 05:53:22
ORD00511,CUST0216,East,SHIPPED,2025-08-23 19:31:46
ORD00512,CUST0423,South,SHIPPED,2024-08-13 12:00:29
ORD00513,CUST0189,South,RETURNED,2025-03-17 12:48:25
ORD00514,CUST0259,South,PLACED,2025-09-04 21:20:05
ORD00515,CUST0186,North,RETURNED,2025-09-24 07:03:17
ORD00516,CUST0473,North,DELIVERED,2024-11-05 16:41:20
ORD00517,CUST0069,East,PLACED,2025-03-23 08:53:54
ORD00518,CUST0203,West,DELIVERED,2025-08-06 17:45:36
ORD00519,CUST0366,South,SHIPPED,2026-01-05 11:39:56
ORD00520,CUST0103,East,RETURNED,2024-12-31 00:16:22
ORD00521,CUST0072,South,DELIVERED,2024-11-08 12:07:24
ORD00522,CUST0498,West,DELIVERED,2024-08-20 18:04:22
ORD00523,CUST0314,South,RETURNED,2025-12-17 17:47:10
ORD00524,CUST0581,East,DELIVERED,2026-01-31 17:55:41
ORD00525,CUST0439,South,PLACED,2025-05-13 16:10:46
ORD00526,CUST0321,South,SHIPPED,2025-06-23 15:12:14
ORD00527,CUST0447,East,DELIVERED,2026-02-17 06:16:25
ORD00528,CUST0138,East,CANCELLED,2025-10-17 18:23:00
ORD00529,CUST0474,West,DELIVERED,2025-10-02 07:50:34
ORD00530,CUST0313,West,RETURNED,2025-08-08 13:09:08
ORD00531,CUST0112,South,RETURNED,2024-09-20 11:34:59
ORD00532,CUST0084,East,SHIPPED,2025-01-01 00:17:29
ORD00533,CUST0552,South,DELIVERED,2025-06-13 00:10:47
ORD00534,CUST0079,North,PLACED,2025-02-22 14:15:44
ORD00535,CUST0520,North,RETURNED,2026-03-15 07:16:58
ORD00536,CUST0593,West,RETURNED,14-05-2025 19:01:03
ORD00537,,North,RETURNED,04-11-2024 11:27:59
ORD00538,CUST0267,West,SHIPPED,2024-10-23 04:29:51
ORD00539,CUST0375,West,SHIPPED,2025-03-30 14:56:39
ORD00540,,South,CANCELLED,2024-09-14 15:04:03
ORD00541,CUST0514,North,CANCELLED,2025-07-17 02:53:20
ORD00542,CUST0373,North,SHIPPED,2025-09-29 08:44:23
ORD00543,CUST0170,South,CANCELLED,2026-02-11 09:59:40
ORD00544,CUST0164,South,RETURNED,2024-08-19 19:32:26
ORD00545,CUST0580,South,CANCELLED,2025-09-11 06:37:00
ORD00546,CUST0368,North,SHIPPED,2025-05-18 13:46:49
ORD00547,CUST0500,South,PLACED,01-02-2025 10:45:02
ORD00548,CUST0271,East,SHIPPED,2024-09-16 14:18:09
ORD00549,CUST0044,South,RETURNED,2025-05-18 01:23:51
ORD00550,CUST0370,West,CANCELLED,2025-08-06 06:58:34
ORD00551,CUST0466,North,PLACED,2025-06-14 23:48:59
ORD00552,CUST0332,North,RETURNED,2026-03-05 13:27:40
ORD00553,CUST0281,East,RETURNED,05-01-2026 13:33:52
ORD00554,CUST0558,South,CANCELLED,21-10-2024 18:41:04
ORD00555,CUST0388,East,RETURNED,2026-02-24 09:38:18
ORD00556,CUST0080,East,CANCELLED,2024-10-25 06:29:18
ORD00557,CUST0229,West,DELIVERED,2025-07-21 01:21:37
ORD00558,CUST0354,West,CANCELLED,2025-09-19 22:21:06
ORD00559,CUST0007,South,CANCELLED,2024-12-13 09:19:33
ORD00560,CUST0170,South,PLACED,2025-07-26 10:42:19
ORD00561,CUST0527,East,SHIPPED,2025-05-15 13:35:30
ORD00562,,South,SHIPPED,01-12-2025 03:06:26
ORD00563,CUST0371,North,SHIPPED,2025-09-29 06:41:28
ORD00564,CUST0425,East,PLACED,2024-12-11 19:52:16
ORD00565,CUST0494,West,CANCELLED,2025-09-21 09:14:15
ORD00566,CUST0216,South,CANCELLED,2025-11-02 23:19:42
ORD00567,CUST0023,South,PLACED,2026-02-03 22:09:22
ORD00568,CUST0131,South,SHIPPED,2025-08-23 17:00:08
ORD00569,CUST0525,North,RETURNED,2025-01-19 18:40:13
ORD00570,CUST0151,North,SHIPPED,2025-01-16 17:23:45
ORD00571,CUST0265,South,RETURNED,2024-09-06 03:51:21
ORD00572,CUST0416,North,DELIVERED,2025-02-04 07:42:25
ORD00573,CUST0088,South,CANCELLED,2026-03-07 20:23:34
ORD00574,CUST0483,West,SHIPPED,2025-06-11 13:19:17
ORD00575,CUST0225,West,RETURNED,2025-03-20 17:08:42
ORD00576,CUST0147,South,RETURNED,2025-12-26 08:45:22
ORD00577,CUST0524,East,SHIPPED,2026-06-30 07:29:51
ORD00578,CUST0351,West,RETURNED,02-10-2025 22:04:24
ORD00579,CUST0071,South,CANCELLED,2024-09-20 02:28:50
ORD00580,CUST0395,South,PLACED,2024-10-07 22:01:26
ORD00581,CUST0017,South,RETURNED,2025-12-16 06:35:50
ORD00582,CUST0517,West,SHIPPED,2025-05-29 18:02:36
ORD00583,CUST0099,South,CANCELLED,2025-06-06 11:41:03
ORD00584,CUST0040,North,PLACED,2025-04-22 05:23:51
ORD00585,CUST0494,South,RETURNED,2025-04-09 01:14:39
ORD00586,CUST0553,North,CANCELLED,2024-12-07 11:18:05
ORD00587,CUST0535,West,DELIVERED,2025-03-18 15:18:42
ORD00588,CUST0045,West,SHIPPED,2025-04-06 02:43:30
ORD00589,CUST0494,West,DELIVERED,2025-10-16 18:59:15
ORD00590,CUST0590,North,CANCELLED,2025-12-03 14:02:26
ORD00591,CUST0138,East,CANCELLED,2024-07-31 07:33:47
ORD00592,CUST0239,North,DELIVERED,2026-03-02 08:12:52
ORD00593,CUST0557,West,DELIVERED,2025-03-06 06:33:01
ORD00594,CUST0194,North,PLACED,2024-11-20 23:27:43
ORD00595,CUST0592,North,RETURNED,2025-04-10 03:30:05
ORD00596,CUST0008,West,SHIPPED,2025-11-03 03:30:25
ORD00597,CUST0324,West,DELIVERED,2026-04-11 15:45:07
ORD00598,CUST0110,South,CANCELLED,2026-03-28 01:31:04
ORD00599,CUST0600,East,DELIVERED,2025-06-20 23:42:32
ORD00600,CUST0549,West,RETURNED,2025-11-08 13:16:21
ORD00601,CUST0375,East,CANCELLED,2024-11-02 18:34:07
ORD00602,CUST0209,West,RETURNED,2025-06-19 15:08:55
ORD00603,CUST0571,West,SHIPPED,2024-08-16 08:53:36
ORD00604,CUST0380,West,DELIVERED,2026-06-30 08:53:53
ORD00605,CUST0315,East,CANCELLED,2026-04-09 00:08:43
ORD00606,CUST0142,North,SHIPPED,09-01-2025 20:52:36
ORD00607,CUST0458,South,PLACED,2024-12-14 14:43:02
ORD00608,CUST0220,West,DELIVERED,2025-12-26 20:20:14
ORD00609,CUST0564,North,SHIPPED,2025-04-28 20:50:23
ORD00610,CUST0399,North,PLACED,2024-11-10 16:12:08
ORD00611,CUST0149,West,RETURNED,2026-02-21 01:29:48
ORD00612,CUST0446,North,PLACED,29-01-2026 08:17:33
ORD00613,CUST0270,South,DELIVERED,2026-05-05 20:59:28
ORD00614,CUST0082,North,CANCELLED,2024-09-17 04:00:44
ORD00615,CUST0411,East,RETURNED,2024-10-07 19:04:34
ORD00616,CUST0059,South,CANCELLED,2026-02-06 23:06:58
ORD00617,CUST0450,North,SHIPPED,2024-08-23 20:58:39
ORD00618,CUST0531,East,SHIPPED,2025-01-17 07:03:50
ORD00619,CUST0035,South,RETURNED,2025-11-06 20:38:23
ORD00620,CUST0174,North,DELIVERED,2026-07-02 07:48:32
ORD00621,CUST0245,North,SHIPPED,2024-11-04 05:12:55
ORD00622,CUST0089,East,CANCELLED,2026-05-18 07:01:58
ORD00623,CUST0362,West,CANCELLED,2026-04-20 02:12:36
ORD00624,CUST0206,North,PLACED,2026-04-10 12:43:13
ORD00625,CUST0093,East,RETURNED,2025-02-20 23:09:14
ORD00626,CUST0597,East,DELIVERED,2024-07-23 04:19:20
ORD00627,CUST0284,South,RETURNED,2025-04-05 03:21:26
ORD00628,CUST0200,West,CANCELLED,2026-01-02 09:35:44
ORD00629,CUST0589,North,DELIVERED,2026-03-29 05:11:44
ORD00630,CUST0180,West,RETURNED,2024-10-06 22:41:14
ORD00631,CUST0110,North,RETURNED,2025-03-06 12:07:40
ORD00632,CUST0302,East,PLACED,2025-06-27 02:04:15
ORD00633,,East,RETURNED,2025-07-13 11:56:21
ORD00634,CUST0589,East,CANCELLED,2024-07-30 04:22:15
ORD00635,CUST0387,West,SHIPPED,2025-03-27 06:56:44
ORD00636,CUST0348,West,CANCELLED,2024-12-21 20:32:07
ORD00637,CUST0029,West,PLACED,2026-02-07 07:09:25
ORD00638,CUST0265,North,CANCELLED,2025-09-03 09:27:50
ORD00639,CUST0226,South,DELIVERED,2024-12-24 01:57:26
ORD00640,CUST0423,East,RETURNED,2024-12-17 19:26:52
ORD00641,CUST0549,North,DELIVERED,2025-09-09 22:24:03
ORD00642,,East,PLACED,2025-08-22 22:41:53
ORD00643,CUST0409,East,PLACED,2026-02-15 07:56:56
ORD00644,CUST0568,South,CANCELLED,2025-01-29 10:02:59
ORD00645,CUST0322,East,SHIPPED,2025-09-11 18:41:23
ORD00646,CUST0588,East,SHIPPED,2025-07-22 16:34:43
ORD00647,CUST0195,West,SHIPPED,08-11-2025 10:39:35
ORD00648,CUST0241,South,DELIVERED,2026-01-30 11:04:37
ORD00649,CUST0212,South,SHIPPED,2024-10-30 07:13:19
ORD00650,CUST0256,East,SHIPPED,2026-01-03 09:22:49
ORD00651,CUST0110,North,PLACED,2026-01-06 06:03:24
ORD00652,CUST0505,North,RETURNED,13-12-2025 13:35:43
ORD00653,CUST0044,West,DELIVERED,2024-07-26 19:06:07
ORD00654,CUST0323,West,RETURNED,2025-05-01 00:46:20
ORD00655,CUST0282,West,SHIPPED,08-10-2025 08:18:54
ORD00656,CUST0524,East,CANCELLED,16-06-2026 06:07:49
ORD00657,CUST0228,South,PLACED,2025-12-09 21:22:48
ORD00658,CUST0539,West,CANCELLED,2025-08-25 16:33:43
ORD00659,CUST0554,North,RETURNED,2024-08-15 06:52:43
ORD00660,CUST0356,West,SHIPPED,2025-01-26 22:22:00
ORD00661,CUST0469,North,RETURNED,2024-11-21 19:18:13
ORD00662,CUST0472,East,PLACED,2024-08-28 04:50:52
ORD00663,CUST0013,South,CANCELLED,2025-02-18 02:42:41
ORD00664,CUST0595,North,DELIVERED,2024-12-15 09:33:39
ORD00665,CUST0371,East,SHIPPED,2026-03-17 11:51:18
ORD00666,CUST0562,East,SHIPPED,2026-01-04 12:30:49
ORD00667,CUST0276,West,RETURNED,2025-11-04 12:00:49
ORD00668,CUST0352,East,SHIPPED,2025-02-08 05:22:05
ORD00669,CUST0511,West,SHIPPED,2024-08-22 17:53:45
ORD00670,CUST0430,East,DELIVERED,2025-07-08 15:48:47
ORD00671,,East,CANCELLED,2025-12-03 01:53:11
ORD00672,CUST0185,South,RETURNED,2024-07-18 23:40:32
ORD00673,CUST0235,North,DELIVERED,2024-09-02 05:47:17
ORD00674,CUST0242,West,CANCELLED,2025-05-10 09:11:09
ORD00675,CUST0201,South,SHIPPED,2025-12-07 10:33:25
ORD00676,CUST0485,North,SHIPPED,2025-02-08 05:54:26
ORD00677,CUST0432,West,SHIPPED,2025-12-09 11:11:19
ORD00678,CUST0530,East,CANCELLED,2026-05-05 08:17:33
ORD00679,CUST0308,East,RETURNED,2026-06-21 13:25:21
ORD00680,,North,CANCELLED,2025-12-07 05:28:41
ORD00681,CUST0102,South,PLACED,2025-04-18 07:17:12
ORD00682,CUST0221,East,CANCELLED,2026-05-14 19:42:16
ORD00683,CUST0099,West,DELIVERED,2024-10-04 07:33:26
ORD00684,CUST0267,East,DELIVERED,2024-07-27 07:57:39
ORD00685,CUST0574,East,DELIVERED,2025-02-24 16:49:40
ORD00686,CUST0021,West,PLACED,2026-05-17 06:01:04
ORD00687,CUST0360,South,RETURNED,2026-05-29 16:07:40
ORD00688,CUST0590,South,DELIVERED,2025-11-28 22:12:59
ORD00689,CUST0364,East,RETURNED,2025-05-08 17:37:49
ORD00690,CUST0500,West,PLACED,2025-01-08 01:36:38
ORD00691,CUST0391,East,CANCELLED,2025-05-04 05:06:00
ORD00692,CUST0149,South,DELIVERED,2025-08-11 12:11:38
ORD00693,CUST0432,West,PLACED,2026-01-14 17:52:24
ORD00694,CUST0082,South,DELIVERED,2024-09-27 21:03:46
ORD00695,CUST0234,East,DELIVERED,2026-06-14 13:42:42
ORD00696,CUST0299,East,RETURNED,2025-03-14 12:50:26
ORD00697,CUST0405,East,CANCELLED,2025-07-23 23:04:21
ORD00698,CUST0372,West,CANCELLED,2026-05-16 18:07:49
ORD00699,CUST0172,South,PLACED,2025-10-19 07:11:07
ORD00700,CUST0129,South,DELIVERED,2025-08-29 09:19:26
